level,page_num,block_num,par_num,line_num,word_num,left,top,width,height,conf,text
1,1,0,0,0,0,0,0,2367,3674,-1.0,
2,1,1,0,0,0,1197,241,965,43,-1.0,
3,1,1,1,0,0,1197,241,965,43,-1.0,
4,1,1,1,1,0,1197,241,965,43,-1.0,
5,1,1,1,1,1,1197,245,210,39,46.233131,—4-—
5,1,1,1,1,2,2048,241,114,39,0.0,(754)
2,1,2,0,0,0,428,365,1736,503,-1.0,
3,1,2,1,0,0,428,365,667,32,-1.0,
4,1,2,1,1,0,428,365,667,32,-1.0,
5,1,2,1,1,1,428,368,191,29,96.498764,ALBERTA:
5,1,2,1,1,2,641,375,56,21,81.332588,see
5,1,2,1,1,3,723,365,154,31,95.747047,Canada:
5,1,2,1,1,4,905,365,190,30,95.940132,Provinces.
3,1,2,2,0,0,428,409,1736,88,-1.0,
4,1,2,2,1,0,428,409,1736,42,-1.0,
5,1,2,2,1,1,428,416,183,28,95.553185,ALGERIA:
5,1,2,2,1,2,627,423,54,21,95.553185,see
5,1,2,2,1,3,695,413,129,31,96.14016,France
5,1,2,2,1,4,843,412,108,37,95.321922,(May
5,1,2,2,1,5,965,419,52,30,88.417877,"15,"
5,1,2,2,1,6,1035,412,86,36,96.497025,May
5,1,2,2,1,7,1136,413,52,36,96.069992,"18,"
5,1,2,2,1,8,1203,412,88,37,95.499069,July
5,1,2,2,1,9,1305,419,54,30,96.89933,"29,"
5,1,2,2,1,10,1373,412,67,31,88.18042,Oct.
5,1,2,2,1,11,1456,420,53,29,85.178116,"12,"
5,1,2,2,1,12,1525,412,84,29,96.796112,Nov.
5,1,2,2,1,13,1627,409,36,38,96.801826,6)
5,1,2,2,1,14,1684,412,67,29,96.441818,and
5,1,2,2,1,15,1763,409,143,32,96.2164,France:
5,1,2,2,1,16,1920,412,244,39,96.421249,Dependencies
4,1,2,2,2,0,565,460,172,37,-1.0,
5,1,2,2,2,1,565,460,172,37,94.254799,(Africa).
3,1,2,3,0,0,429,504,1735,87,-1.0,
4,1,2,3,1,0,429,504,1735,40,-1.0,
5,1,2,3,1,1,429,508,354,31,87.38723,ALSACE-LoRRAINE
5,1,2,3,1,2,820,508,261,36,96.326843,(Departments
5,1,2,3,1,3,1115,508,34,28,96.323044,of
5,1,2,3,1,4,1183,505,221,39,95.971695,"Haut-Rhin,"
5,1,2,3,1,5,1440,505,176,32,95.924583,Bas-Rhin
5,1,2,3,1,6,1652,507,67,29,95.973091,and
5,1,2,3,1,7,1753,504,166,39,96.129593,Moselle):
5,1,2,3,1,8,1953,516,55,20,96.041245,see
5,1,2,3,1,9,2039,507,125,30,96.488213,France
4,1,2,3,2,0,567,553,1076,38,-1.0,
5,1,2,3,2,1,567,553,110,38,92.50988,(Mar.
5,1,2,3,2,2,703,561,53,30,95.492989,"27,"
5,1,2,3,2,3,781,555,88,36,96.712807,May
5,1,2,3,2,4,892,561,31,30,96.684479,"5,"
5,1,2,3,2,5,945,553,95,38,94.648834,June
5,1,2,3,2,6,1060,560,55,29,95.650017,"30,"
5,1,2,3,2,7,1137,555,87,36,95.609016,Aug.
5,1,2,3,2,8,1247,561,32,30,96.244171,"3,"
5,1,2,3,2,9,1303,553,85,30,95.492867,Nov.
5,1,2,3,2,10,1412,560,31,29,94.987915,"7,"
5,1,2,3,2,11,1465,555,78,30,96.031998,Dec.
5,1,2,3,2,12,1568,553,75,36,68.349739,15).
3,1,2,4,0,0,429,599,1735,40,-1.0,
4,1,2,4,1,0,429,599,1735,40,-1.0,
5,1,2,4,1,1,429,601,338,31,91.288933,ANGLO-EGYPTIAN
5,1,2,4,1,2,781,601,127,31,95.168297,SUDAN:
5,1,2,4,1,3,937,609,55,23,94.258034,see
5,1,2,4,1,4,1002,600,97,31,96.53067,Great
5,1,2,4,1,5,1112,601,149,30,95.538353,Britain:
5,1,2,4,1,6,1273,600,244,39,91.926224,Dependencies
5,1,2,4,1,7,1533,600,150,37,89.290047,(Africa:
5,1,2,4,1,8,1699,599,128,37,93.295746,"Sudan,"
5,1,2,4,1,9,1837,600,327,39,90.837723,Anglo-Egyptian).
3,1,2,5,0,0,429,647,734,40,-1.0,
4,1,2,5,1,0,429,647,734,40,-1.0,
5,1,2,5,1,1,429,651,171,29,96.326126,ANGOLA:
5,1,2,5,1,2,625,657,55,22,96.427521,see
5,1,2,5,1,3,707,649,174,38,96.319046,Portugal:
5,1,2,5,1,4,907,647,256,38,95.502823,Dependencies.
3,1,2,6,0,0,429,695,605,37,-1.0,
4,1,2,6,1,0,429,695,605,37,-1.0,
5,1,2,6,1,1,429,699,172,28,86.585892,ANHALT:
5,1,2,6,1,2,624,705,56,22,96.694443,see
5,1,2,6,1,3,703,695,186,37,94.111855,Germany:
5,1,2,6,1,4,916,696,118,29,95.852028,States.
3,1,2,7,0,0,429,740,1735,40,-1.0,
4,1,2,7,1,0,429,740,1735,40,-1.0,
5,1,2,7,1,1,429,745,156,30,90.814613,ANNAM:
5,1,2,7,1,2,611,752,56,21,96.662659,See
5,1,2,7,1,3,688,743,145,29,95.562805,France:
5,1,2,7,1,4,859,741,244,39,96.490372,Dependencies
5,1,2,7,1,5,1131,740,120,39,87.494698,(Asia:
5,1,2,7,1,6,1273,741,128,31,96.261917,French
5,1,2,7,1,7,1425,741,228,31,96.403328,Indo-China:
5,1,2,7,1,8,1681,741,106,30,95.446449,States
5,1,2,7,1,9,1809,740,68,31,93.15741,and
5,1,2,7,1,10,1903,741,261,36,92.185684,Protectorates).
3,1,2,8,0,0,429,788,1066,39,-1.0,
4,1,2,8,1,0,429,788,1066,39,-1.0,
5,1,2,8,1,1,429,793,188,28,89.90731,ANTIGUA:
5,1,2,8,1,2,643,800,54,20,96.838844,see
5,1,2,8,1,3,719,789,98,31,96.54023,Great
5,1,2,8,1,4,844,788,152,32,95.865028,Britain:
5,1,2,8,1,5,1019,789,244,38,96.324883,Dependencies
5,1,2,8,1,6,1288,788,207,37,96.603226,(America).
3,1,2,9,0,0,429,836,763,32,-1.0,
4,1,2,9,1,0,429,836,763,32,-1.0,
5,1,2,9,1,1,429,840,234,28,88.096291,APPENZELL:
5,1,2,9,1,2,689,847,56,21,95.50106,see
5,1,2,9,1,3,776,836,231,31,96.278145,Switzerland:
5,1,2,9,1,4,1036,836,156,31,96.119698,Cantons.
2,1,3,0,0,0,432,951,711,41,-1.0,
3,1,3,1,0,0,432,951,711,41,-1.0,
4,1,3,1,1,0,432,951,711,41,-1.0,
5,1,3,1,1,1,432,951,371,41,96.144836,ARGENTINE
5,1,3,1,1,2,832,951,311,38,96.095856,REPUBLIC
2,1,4,0,0,0,1030,1037,547,35,-1.0,
3,1,4,1,0,0,1030,1037,547,35,-1.0,
4,1,4,1,1,0,1030,1037,547,35,-1.0,
5,1,4,1,1,1,1030,1041,206,31,95.774506,FEDERAL
5,1,4,1,1,2,1263,1037,314,35,96.41925,GOVERNMENT
2,1,5,0,0,0,477,1104,1694,2023,-1.0,
3,1,5,1,0,0,477,1104,1689,133,-1.0,
4,1,5,1,1,0,477,1104,1687,40,-1.0,
5,1,5,1,1,1,477,1107,81,37,75.6847,Jan.
5,1,5,1,1,2,579,1116,17,28,94.459496,3
5,1,5,1,1,3,676,1107,127,28,95.836678,Decree
5,1,5,1,1,4,823,1113,56,20,95.836678,no.
5,1,5,1,1,5,901,1105,131,36,96.04969,"33,833,"
5,1,5,1,1,6,1053,1108,36,27,96.04969,to
5,1,5,1,1,7,1108,1104,217,37,96.321983,supplement
5,1,5,1,1,8,1347,1105,57,30,96.381866,the
5,1,5,1,1,9,1424,1112,131,29,96.381866,powers
5,1,5,1,1,10,1573,1104,70,32,95.954605,laid
5,1,5,1,1,11,1663,1105,98,30,96.151161,down
5,1,5,1,1,12,1780,1104,36,31,95.719002,in
5,1,5,1,1,13,1835,1104,129,31,96.493271,section
5,1,5,1,1,14,1987,1105,39,30,96.507072,16
5,1,5,1,1,15,2045,1105,35,28,96.692108,of
5,1,5,1,1,16,2097,1105,67,30,96.758415,Act
4,1,5,1,2,0,675,1149,1491,40,-1.0,
5,1,5,1,2,1,675,1163,56,20,96.1063,no.
5,1,5,1,2,2,761,1152,84,36,96.1063,9688
5,1,5,1,2,3,875,1151,49,37,91.735992,[of
5,1,5,1,2,4,954,1152,81,29,39.3955,rrth
5,1,5,1,2,5,1064,1149,157,39,96.22274,"October,"
5,1,5,1,2,6,1254,1152,94,36,92.626732,1915]
5,1,5,1,2,7,1380,1151,195,38,96.402771,(industrial
5,1,5,1,2,8,1604,1151,184,38,96.429863,accidents)
5,1,5,1,2,9,1819,1152,141,37,96.389786,[powers
5,1,5,1,2,10,1988,1152,38,28,96.970207,of
5,1,5,1,2,11,2051,1151,115,38,96.30452,public
4,1,5,1,3,0,676,1197,1488,40,-1.0,
5,1,5,1,3,1,676,1203,216,34,96.585915,prosecutors
5,1,5,1,3,2,911,1199,36,30,96.0868,in
5,1,5,1,3,3,966,1201,133,35,96.177788,respect
5,1,5,1,3,4,1117,1200,36,28,96.121193,of
5,1,5,1,3,5,1171,1207,138,30,96.299599,persons
5,1,5,1,3,6,1331,1200,106,29,96.720833,under
5,1,5,1,3,7,1457,1199,202,38,89.349884,disability].
5,1,5,1,3,8,1693,1197,98,39,89.349884,(B.O.
5,1,5,1,3,9,1811,1209,54,20,96.402008,no.
5,1,5,1,3,10,1888,1200,128,36,93.296112,"11,881,"
5,1,5,1,3,11,2036,1208,33,28,91.616508,p.
5,1,5,1,3,12,2091,1199,73,37,96.935158,386)
3,1,5,2,0,0,477,1241,1691,184,-1.0,
4,1,5,2,1,0,477,1241,1691,44,-1.0,
5,1,5,2,1,1,477,1248,142,37,91.427353,Jan.15
5,1,5,2,1,2,677,1248,127,28,76.964539,Decree
5,1,5,2,1,3,823,1255,56,20,95.2854,no.
5,1,5,2,1,4,899,1248,118,35,96.168587,"34,446"
5,1,5,2,1,5,1035,1245,120,38,94.397079,[under
5,1,5,2,1,6,1172,1247,68,29,96.516068,Act
5,1,5,2,1,7,1257,1256,55,20,96.702568,no.
5,1,5,2,1,8,1333,1241,146,42,70.7174,"11,338,"
5,1,5,2,1,9,1499,1247,36,29,93.287796,of
5,1,5,2,1,10,1551,1247,62,36,91.420273,gth
5,1,5,2,1,11,1632,1247,211,37,96.431908,"September,"
5,1,5,2,1,12,1864,1248,94,35,96.538803,"1926,"
5,1,5,2,1,13,1976,1247,192,36,96.363495,respecting
4,1,5,2,2,0,673,1292,1494,40,-1.0,
5,1,5,2,2,1,673,1295,102,36,96.588127,night
5,1,5,2,2,2,791,1293,97,30,95.80732,work
5,1,5,2,2,3,903,1293,38,30,95.80732,in
5,1,5,2,2,4,957,1292,179,37,81.687592,"bakeries],"
5,1,5,2,2,5,1156,1296,35,27,96.131256,to
5,1,5,2,2,6,1207,1293,165,30,96.744934,establish
5,1,5,2,2,7,1391,1303,44,20,96.711769,an
5,1,5,2,2,8,1451,1293,234,39,96.352142,employment
5,1,5,2,2,9,1703,1293,173,38,96.588257,exchange
5,1,5,2,2,10,1895,1293,52,30,96.775398,for
5,1,5,2,2,11,1964,1293,58,30,96.775398,the
5,1,5,2,2,12,2037,1293,130,36,96.060013,bakery
4,1,5,2,3,0,677,1340,1489,40,-1.0,
5,1,5,2,3,1,677,1341,98,30,96.946373,trade
5,1,5,2,3,2,795,1341,68,30,96.076447,and
5,1,5,2,3,3,883,1344,36,25,95.255585,to
5,1,5,2,3,4,935,1340,178,29,95.255585,introduce
5,1,5,2,3,5,1132,1349,19,20,96.930336,a
5,1,5,2,3,6,1168,1343,131,33,96.324089,system
5,1,5,2,3,7,1316,1340,36,29,96.463959,of
5,1,5,2,3,8,1367,1340,94,31,96.463959,work
5,1,5,2,3,9,1477,1340,38,32,96.53717,in
5,1,5,2,3,10,1531,1343,152,28,95.880844,rotation
5,1,5,2,3,11,1701,1340,52,31,95.880844,for
5,1,5,2,3,12,1769,1340,230,40,96.613052,unemployed
5,1,5,2,3,13,2016,1349,150,28,96.569183,persons.
4,1,5,2,4,0,680,1387,501,38,-1.0,
5,1,5,2,4,1,680,1387,100,38,91.679932,(B.O.
5,1,5,2,4,2,807,1397,55,20,96.276817,no.
5,1,5,2,4,3,891,1388,129,36,93.294029,"11,887,"
5,1,5,2,4,4,1045,1397,34,28,92.026779,p.
5,1,5,2,4,5,1107,1388,74,36,92.856094,680)
3,1,5,3,0,0,479,1428,1688,186,-1.0,
4,1,5,3,1,0,479,1428,1688,45,-1.0,
5,1,5,3,1,1,479,1436,81,37,96.033951,Jan.
5,1,5,3,1,2,588,1444,37,28,93.922394,15
5,1,5,3,1,3,677,1436,127,29,12.299118,Decree
5,1,5,3,1,4,816,1444,55,20,12.299118,no.
5,1,5,3,1,5,885,1443,118,28,79.348831,"34,445"
5,1,5,3,1,6,1015,1433,120,38,79.348831,(under
5,1,5,3,1,7,1145,1436,67,28,96.883705,Act
5,1,5,3,1,8,1223,1443,54,20,96.643707,no.
5,1,5,3,1,9,1292,1428,160,43,73.272568,"11,3384],"
5,1,5,3,1,10,1465,1437,36,27,96.965851,to
5,1,5,3,1,11,1513,1435,171,29,96.750626,authorise
5,1,5,3,1,12,1697,1436,58,29,96.92305,the
5,1,5,3,1,13,1767,1433,161,32,96.702675,National
5,1,5,3,1,14,1940,1436,227,35,96.448914,Department
4,1,5,3,2,0,676,1480,1491,40,-1.0,
5,1,5,3,2,1,676,1483,37,29,96.921425,of
5,1,5,3,2,2,733,1483,138,29,96.900078,Labour
5,1,5,3,2,3,892,1483,68,29,96.627777,and
5,1,5,3,2,4,981,1483,98,29,96.863365,other
5,1,5,3,2,5,1100,1480,275,32,96.286102,administrative
5,1,5,3,2,6,1397,1481,202,31,96.785172,authorities
5,1,5,3,2,7,1623,1482,201,38,95.892464,(provincial
5,1,5,3,2,8,1844,1492,37,20,96.594345,or
5,1,5,3,2,9,1903,1482,96,38,96.626846,local)
5,1,5,3,2,10,2024,1484,36,27,96.737183,to
5,1,5,3,2,11,2079,1482,88,30,96.28006,issue
4,1,5,3,3,0,676,1528,1491,39,-1.0,
5,1,5,3,3,1,676,1532,200,35,96.281281,temporary
5,1,5,3,3,2,895,1529,144,38,96.673294,permits
5,1,5,3,3,3,1055,1528,54,31,96.673294,for
5,1,5,3,3,4,1127,1529,58,31,96.480751,the
5,1,5,3,3,5,1204,1529,235,38,96.096588,performance
5,1,5,3,3,6,1459,1528,36,30,96.581284,of
5,1,5,3,3,7,1509,1529,96,29,96.529984,work
5,1,5,3,3,8,1620,1529,39,30,96.070061,in
5,1,5,3,3,9,1677,1529,58,30,96.986328,the
5,1,5,3,3,10,1753,1531,238,29,96.666443,manufacture
5,1,5,3,3,11,2011,1529,35,29,96.55146,of
5,1,5,3,3,12,2063,1529,104,30,96.361221,bread
4,1,5,3,4,0,676,1575,1073,39,-1.0,
5,1,5,3,4,1,676,1577,156,30,96.613358,between
5,1,5,3,4,2,856,1585,19,27,51.368423,9
5,1,5,3,4,3,899,1585,82,29,95.920799,p.m.
5,1,5,3,4,4,1007,1576,66,30,93.045441,and
5,1,5,3,4,5,1099,1583,110,28,62.986679,§5.a.m.
5,1,5,3,4,6,1237,1575,96,37,91.933243,(B.O.
5,1,5,3,4,7,1359,1585,54,21,95.896103,no.
5,1,5,3,4,8,1440,1576,129,36,93.285446,"11,895,"
5,1,5,3,4,9,1593,1585,34,29,92.306679,p.
5,1,5,3,4,10,1655,1576,94,38,69.539909,Ioro)
3,1,5,4,0,0,479,1621,1688,134,-1.0,
4,1,5,4,1,0,479,1621,1688,41,-1.0,
5,1,5,4,1,1,479,1624,81,38,96.508026,Jan.
5,1,5,4,1,2,587,1632,40,28,81.43541,19
5,1,5,4,1,3,679,1624,126,30,89.00692,Decree
5,1,5,4,1,4,823,1632,55,20,96.675507,no.
5,1,5,4,1,5,897,1631,130,29,90.335022,"34,111,"
5,1,5,4,1,6,1047,1627,36,27,94.28524,to
5,1,5,4,1,7,1097,1621,88,33,95.474731,issue
5,1,5,4,1,8,1201,1622,210,38,95.312607,regulations
5,1,5,4,1,9,1427,1621,52,31,96.376259,for
5,1,5,4,1,10,1496,1623,57,31,96.751328,the
5,1,5,4,1,11,1569,1627,100,32,96.846436,entry
5,1,5,4,1,12,1685,1623,75,29,96.724281,into
5,1,5,4,1,13,1775,1623,188,39,95.90947,Argentina
5,1,5,4,1,14,1977,1623,38,31,95.90947,of
5,1,5,4,1,15,2028,1631,139,29,96.616226,persons
4,1,5,4,2,0,679,1669,1487,39,-1.0,
5,1,5,4,2,1,679,1671,183,37,95.713242,travelling
5,1,5,4,2,2,881,1680,36,20,95.855812,as
5,1,5,4,2,3,936,1679,197,29,93.291649,passengers
5,1,5,4,2,4,1151,1669,30,38,85.855522,[§
5,1,5,4,2,5,1200,1679,32,27,96.569679,"4,"
5,1,5,4,2,6,1252,1670,231,37,95.642395,immigration
5,1,5,4,2,7,1503,1671,36,29,93.294937,of
5,1,5,4,2,8,1555,1669,257,38,90.661621,landworkers].
5,1,5,4,2,9,1845,1669,96,39,91.916656,(B.O.
5,1,5,4,2,10,1961,1680,55,20,95.800858,no.
5,1,5,4,2,11,2039,1671,127,36,95.536598,"11,894,"
4,1,5,4,3,0,676,1719,131,36,-1.0,
5,1,5,4,3,1,676,1727,35,28,70.243134,Pp.
5,1,5,4,3,2,729,1719,78,36,96.637657,962)
3,1,5,5,0,0,477,1763,1691,132,-1.0,
4,1,5,5,1,0,477,1763,1691,40,-1.0,
5,1,5,5,1,1,477,1765,84,38,96.13353,Apr.
5,1,5,5,1,2,588,1773,40,27,88.505341,14
5,1,5,5,1,3,677,1765,128,30,95.964294,Decree
5,1,5,5,1,4,828,1772,57,23,96.104385,no.
5,1,5,5,1,5,909,1772,132,28,96.236816,"40,245,"
5,1,5,5,1,6,1067,1767,36,25,96.888008,to
5,1,5,5,1,7,1124,1763,141,39,96.553055,provide
5,1,5,5,1,8,1291,1764,77,30,96.456413,that
5,1,5,5,1,9,1392,1764,57,30,96.456413,the
5,1,5,5,1,10,1472,1763,127,39,96.764488,special
5,1,5,5,1,11,1620,1764,211,38,95.882324,regulations
5,1,5,5,1,12,1853,1765,53,29,95.744659,for
5,1,5,5,1,13,1928,1764,58,30,96.577026,the
5,1,5,5,1,14,2009,1764,102,30,96.434311,hours
5,1,5,5,1,15,2133,1763,35,29,96.479752,of
4,1,5,5,2,0,675,1807,1491,43,-1.0,
5,1,5,5,2,1,675,1811,96,31,96.860329,work
5,1,5,5,2,2,791,1812,36,30,96.944229,of
5,1,5,5,2,3,844,1811,143,36,96.628357,railway
5,1,5,5,2,4,1004,1811,192,39,96.609528,employees
5,1,5,5,2,5,1215,1811,121,37,95.707886,[under
5,1,5,5,2,6,1356,1812,68,28,96.323418,Act
5,1,5,5,2,7,1443,1820,56,20,96.551155,no.
5,1,5,5,2,8,1523,1819,117,29,95.431717,"11,544"
5,1,5,5,2,9,1661,1812,36,28,96.491982,of
5,1,5,5,2,10,1718,1812,81,30,11.661568,12th
5,1,5,5,2,11,1820,1811,210,39,96.417564,"September,"
5,1,5,5,2,12,2052,1807,114,40,94.216316,19297]
4,1,5,5,3,0,676,1856,1490,39,-1.0,
5,1,5,5,3,1,676,1859,88,29,95.930695,shall
5,1,5,5,3,2,784,1860,41,30,96.774284,be
5,1,5,5,3,3,845,1858,115,30,96.09053,issued
5,1,5,5,3,4,980,1859,47,36,96.237068,by
5,1,5,5,3,5,1048,1859,57,29,96.679008,the
5,1,5,5,3,6,1125,1856,159,39,96.078735,Ministry
5,1,5,5,3,7,1303,1857,37,30,96.739693,of
5,1,5,5,3,8,1360,1857,119,31,95.986504,Public
5,1,5,5,3,9,1498,1857,133,31,93.175415,Works.
5,1,5,5,3,10,1667,1857,96,38,90.045616,(B.O.
5,1,5,5,3,11,1784,1868,56,20,94.752045,no.
5,1,5,5,3,12,1863,1860,129,35,93.288925,"11,960,"
5,1,5,5,3,13,2013,1867,34,28,92.331154,p.
5,1,5,5,3,14,2068,1857,98,37,92.645393,1170)
3,1,5,6,0,0,477,1904,1690,86,-1.0,
4,1,5,6,1,0,477,1904,1690,39,-1.0,
5,1,5,6,1,1,477,1907,84,36,20.137245,Apr.
5,1,5,6,1,2,581,1907,39,28,20.137245,18
5,1,5,6,1,3,679,1907,126,29,85.431084,Decree
5,1,5,6,1,4,828,1915,56,20,96.007927,no.
5,1,5,6,1,5,907,1913,132,29,73.34005,"40,331,"
5,1,5,6,1,6,1063,1908,36,27,96.584282,to
5,1,5,6,1,7,1120,1905,88,30,96.137444,issue
5,1,5,6,1,8,1232,1904,223,39,96.32399,Regulations
5,1,5,6,1,9,1477,1905,52,30,96.949074,for
5,1,5,6,1,10,1552,1905,59,30,96.387985,the
5,1,5,6,1,11,1633,1905,88,30,96.573326,issue
5,1,5,6,1,12,1743,1905,37,30,96.580559,of
5,1,5,6,1,13,1800,1905,142,31,96.580559,licences
5,1,5,6,1,14,1964,1905,68,30,96.008553,and
5,1,5,6,1,15,2053,1904,114,39,96.783783,pilots’
4,1,5,6,2,0,677,1952,1163,38,-1.0,
5,1,5,6,2,1,677,1952,210,31,96.133095,certificates
5,1,5,6,2,2,913,1952,52,31,95.996429,for
5,1,5,6,2,3,991,1952,136,30,96.687187,civilian
5,1,5,6,2,4,1153,1952,150,31,93.273666,aircraft.
5,1,5,6,2,5,1343,1952,97,36,92.859131,(B.O.
5,1,5,6,2,6,1467,1961,54,21,96.07074,no.
5,1,5,6,2,7,1551,1960,128,30,87.661339,"12,022,"
5,1,5,6,2,8,1705,1961,34,29,93.10556,p.
5,1,5,6,2,9,1767,1952,73,38,95.924385,305)
3,1,5,7,0,0,477,1998,1691,86,-1.0,
4,1,5,7,1,0,477,1998,1691,41,-1.0,
5,1,5,7,1,1,477,2001,84,38,94.130882,Apr.
5,1,5,7,1,2,581,2009,42,29,89.928741,30
5,1,5,7,1,3,676,2000,131,31,60.497917,Decree
5,1,5,7,1,4,828,2008,59,23,96.326653,no.
5,1,5,7,1,5,912,2005,132,31,96.07457,"40,927,"
5,1,5,7,1,6,1069,2003,36,25,96.503227,to
5,1,5,7,1,7,1129,2000,124,30,96.774673,amend
5,1,5,7,1,8,1276,1999,131,31,95.693329,section
5,1,5,7,1,9,1432,2008,40,20,45.804314,ro
5,1,5,7,1,10,1496,2001,36,29,96.268768,of
5,1,5,7,1,11,1555,2000,57,30,96.268768,the
5,1,5,7,1,12,1640,1999,221,39,96.720551,Regulations
5,1,5,7,1,13,1883,1999,49,37,79.219635,[of
5,1,5,7,1,14,1958,2000,81,30,96.343315,roth
5,1,5,7,1,15,2060,1998,108,38,95.368172,"April,"
4,1,5,7,2,0,680,2047,1488,37,-1.0,
5,1,5,7,2,1,680,2047,97,37,50.676888,1930]
5,1,5,7,2,2,800,2048,196,36,95.530098,respecting
5,1,5,7,2,3,1016,2047,204,29,96.431274,certificates
5,1,5,7,2,4,1243,2047,52,29,95.512405,for
5,1,5,7,2,5,1315,2051,145,27,96.32872,masters
5,1,5,7,2,6,1483,2047,68,29,96.787384,and
5,1,5,7,2,7,1572,2047,155,37,96.787384,skippers
5,1,5,7,2,8,1747,2047,36,29,96.61132,in
5,1,5,7,2,9,1807,2048,56,30,96.692757,the
5,1,5,7,2,10,1885,2047,155,36,96.246101,coasting
5,1,5,7,2,11,2060,2047,108,29,96.570312,trade.
3,1,5,8,0,0,612,2092,569,40,-1.0,
4,1,5,8,1,0,612,2092,569,40,-1.0,
5,1,5,8,1,1,612,2123,3,4,49.998528,.
5,1,5,8,1,2,679,2092,98,39,78.317505,(B.O.
5,1,5,8,1,3,804,2104,54,20,95.652962,no.
5,1,5,8,1,4,887,2095,132,36,93.277046,"11,982,"
5,1,5,8,1,5,1047,2104,33,28,92.965279,p.
5,1,5,8,1,6,1107,2095,74,36,96.646172,725)
3,1,5,9,0,0,479,2136,1691,138,-1.0,
4,1,5,9,1,0,479,2136,1691,43,-1.0,
5,1,5,9,1,1,479,2141,81,37,96.275124,May
5,1,5,9,1,2,587,2151,38,27,94.552963,24
5,1,5,9,1,3,679,2143,128,29,91.954453,Decree
5,1,5,9,1,4,828,2151,56,21,95.468513,no.
5,1,5,9,1,5,908,2149,132,29,96.731537,"42,344,"
5,1,5,9,1,6,1063,2145,36,26,96.602524,to
5,1,5,9,1,7,1120,2141,124,30,96.51355,amend
5,1,5,9,1,8,1265,2140,59,31,95.646034,the
5,1,5,9,1,9,1347,2140,78,31,96.678185,fifth
5,1,5,9,1,10,1447,2143,190,36,96.055626,paragraph
5,1,5,9,1,11,1660,2140,37,30,96.379257,of
5,1,5,9,1,12,1716,2140,131,31,96.262833,section
5,1,5,9,1,13,1870,2151,14,20,63.948524,1
5,1,5,9,1,14,1907,2141,37,30,96.67968,of
5,1,5,9,1,15,1964,2141,59,30,96.522446,the
5,1,5,9,1,16,2044,2136,126,35,96.466316,Decree
4,1,5,9,2,0,676,2187,1491,40,-1.0,
5,1,5,9,2,1,676,2191,37,28,96.066216,of
5,1,5,9,2,2,743,2189,82,37,96.066216,25th
5,1,5,9,2,3,853,2189,207,37,96.580658,"November,"
5,1,5,9,2,4,1091,2196,93,30,95.768822,"1931,"
5,1,5,9,2,5,1212,2187,193,39,96.33963,respecting
5,1,5,9,2,6,1433,2188,58,30,96.463661,the
5,1,5,9,2,7,1519,2188,205,39,96.111923,fumigation
5,1,5,9,2,8,1752,2189,36,30,96.657234,of
5,1,5,9,2,9,1813,2188,93,39,95.968178,ships
5,1,5,9,2,10,1935,2188,68,31,95.551613,and
5,1,5,9,2,11,2029,2188,138,35,96.287422,railway
4,1,5,9,3,0,680,2235,720,39,-1.0,
5,1,5,9,3,1,680,2236,153,30,93.1446,coaches.
5,1,5,9,3,2,876,2235,96,39,73.068031,(B.O.
5,1,5,9,3,3,1000,2246,56,20,96.048981,no.
5,1,5,9,3,4,1084,2244,129,28,17.835495,"12,011,"
5,1,5,9,3,5,1240,2246,33,28,90.963402,p.
5,1,5,9,3,6,1303,2236,97,36,78.809471,rorr)
3,1,5,10,0,0,480,2282,1688,86,-1.0,
4,1,5,10,1,0,480,2282,1688,38,-1.0,
5,1,5,10,1,1,480,2283,93,37,95.293503,June
5,1,5,10,1,2,599,2292,16,22,77.714233,x
5,1,5,10,1,3,679,2284,128,30,79.775955,Decree
5,1,5,10,1,4,827,2292,57,22,96.068588,no.
5,1,5,10,1,5,907,2284,130,36,96.299644,"42,679,"
5,1,5,10,1,6,1061,2287,36,27,96.299644,to
5,1,5,10,1,7,1116,2282,108,37,96.391006,ratify
5,1,5,10,1,8,1247,2284,57,30,96.716408,the
5,1,5,10,1,9,1327,2283,222,31,96.152901,amendment
5,1,5,10,1,10,1571,2283,36,29,96.618042,of
5,1,5,10,1,11,1628,2284,116,30,96.385582,article
5,1,5,10,1,12,1768,2291,60,29,96.75927,393
5,1,5,10,1,13,1851,2283,36,31,96.496925,of
5,1,5,10,1,14,1908,2284,56,30,96.027359,the
5,1,5,10,1,15,1984,2282,128,37,96.128624,Treaty
5,1,5,10,1,16,2132,2282,36,29,96.708176,of
4,1,5,10,2,0,677,2328,728,40,-1.0,
5,1,5,10,2,1,677,2331,193,31,92.879623,Versailles.
5,1,5,10,2,2,908,2328,98,40,91.214981,(B.O.
5,1,5,10,2,3,1033,2340,54,20,95.525192,no.
5,1,5,10,2,4,1115,2339,129,28,93.29628,"12,029,"
5,1,5,10,2,5,1268,2340,33,28,91.287506,p.
5,1,5,10,2,6,1328,2331,77,37,96.82238,660)
3,1,5,11,0,0,480,2376,1688,86,-1.0,
4,1,5,11,1,0,480,2376,1688,39,-1.0,
5,1,5,11,1,1,480,2378,95,37,96.189774,June
5,1,5,11,1,2,600,2379,40,28,95.69854,16
5,1,5,11,1,3,679,2379,68,29,95.661522,Act
5,1,5,11,1,4,768,2388,56,20,95.913376,no.
5,1,5,11,1,5,847,2379,129,36,96.15815,"11,837,"
5,1,5,11,1,6,998,2378,191,37,93.297806,respecting
5,1,5,11,1,7,1208,2378,233,37,91.609131,shop-closing
5,1,5,11,1,8,1460,2378,103,29,96.292381,hours
5,1,5,11,1,9,1585,2378,50,36,95.967003,(at
5,1,5,11,1,10,1656,2378,17,28,95.742889,8
5,1,5,11,1,11,1695,2378,93,37,96.209892,p.m.)
5,1,5,11,1,12,1812,2379,35,28,95.414902,in
5,1,5,11,1,13,1869,2378,57,30,96.908188,the
5,1,5,11,1,14,1945,2376,135,39,95.467484,Capital
5,1,5,11,1,15,2100,2376,68,31,96.381798,and
4,1,5,11,2,0,680,2423,1053,39,-1.0,
5,1,5,11,2,1,680,2424,36,31,96.778847,in
5,1,5,11,2,2,740,2426,57,29,96.38591,the
5,1,5,11,2,3,821,2424,164,31,96.685539,National
5,1,5,11,2,4,1005,2426,208,29,93.153885,Territories.
5,1,5,11,2,5,1251,2423,96,39,91.148232,(B.O.
5,1,5,11,2,6,1371,2434,54,20,96.880669,no.
5,1,5,11,2,7,1449,2426,130,34,91.055824,"12,008,"
5,1,5,11,2,8,1601,2434,34,28,93.05912,p.
5,1,5,11,2,9,1659,2426,74,36,96.951141,866)
3,1,5,12,0,0,481,2470,1689,181,-1.0,
4,1,5,12,1,0,481,2470,1689,40,-1.0,
5,1,5,12,1,1,481,2472,86,38,93.912079,July
5,1,5,12,1,2,592,2478,41,29,77.99617,x7
5,1,5,12,1,3,679,2474,68,29,91.256813,Act
5,1,5,12,1,4,772,2483,56,20,96.8554,no.
5,1,5,12,1,5,856,2474,131,36,96.105309,"11,850,"
5,1,5,12,1,6,1015,2476,36,26,96.600388,to
5,1,5,12,1,7,1073,2472,107,36,96.39991,ratify
5,1,5,12,1,8,1205,2472,58,30,96.742828,the
5,1,5,12,1,9,1288,2470,216,33,96.100838,Convention
5,1,5,12,1,10,1529,2472,154,31,96.367607,between
5,1,5,12,1,11,1709,2474,58,29,96.793137,the
5,1,5,12,1,12,1791,2471,187,39,96.305405,Argentine
5,1,5,12,1,13,2005,2470,165,38,96.481323,Republic
4,1,5,12,2,0,679,2518,1489,38,-1.0,
5,1,5,12,2,1,679,2520,69,30,96.551826,and
5,1,5,12,2,2,776,2520,57,31,96.180435,the
5,1,5,12,2,3,860,2519,129,31,96.045349,United
5,1,5,12,2,4,1019,2520,172,36,96.045349,Kingdom
5,1,5,12,2,5,1221,2519,36,29,96.552223,of
5,1,5,12,2,6,1283,2520,105,30,96.429047,Great
5,1,5,12,2,7,1420,2519,133,31,96.521255,Britain
5,1,5,12,2,8,1585,2522,67,29,96.281075,and
5,1,5,12,2,9,1684,2520,172,31,96.432404,Northern
5,1,5,12,2,10,1887,2519,135,29,96.081055,Ireland
5,1,5,12,2,11,2051,2518,117,37,90.172577,[dated
4,1,5,12,3,0,680,2564,1489,40,-1.0,
5,1,5,12,3,1,680,2568,81,36,92.442619,15th
5,1,5,12,3,2,785,2568,207,35,96.423546,"November,"
5,1,5,12,3,3,1016,2568,95,36,96.609245,1929]
5,1,5,12,3,4,1133,2567,206,37,96.607277,concerning
5,1,5,12,3,5,1357,2567,204,37,95.81234,reciprocity
5,1,5,12,3,6,1581,2567,36,29,95.90229,in
5,1,5,12,3,7,1637,2570,122,34,95.90229,regard
5,1,5,12,3,8,1781,2571,36,25,96.554871,to
5,1,5,12,3,9,1839,2566,256,38,96.695351,compensation
5,1,5,12,3,10,2117,2564,52,31,96.735336,for
4,1,5,12,4,0,680,2610,1004,41,-1.0,
5,1,5,12,4,1,680,2615,175,31,96.667862,accidents
5,1,5,12,4,2,881,2619,36,25,92.302979,to
5,1,5,12,4,3,943,2610,201,34,61.801037,workmen®.
5,1,5,12,4,4,1185,2614,96,37,90.145744,(B.O.
5,1,5,12,4,5,1308,2623,54,20,95.705978,no.
5,1,5,12,4,6,1392,2623,128,28,93.286125,"12,045,"
5,1,5,12,4,7,1547,2623,33,28,92.107346,p.
5,1,5,12,4,8,1610,2615,74,36,96.056145,194)
3,1,5,13,0,0,480,2660,1688,230,-1.0,
4,1,5,13,1,0,480,2660,1688,39,-1.0,
5,1,5,13,1,1,480,2660,87,39,95.77993,July
5,1,5,13,1,2,592,2667,40,29,66.115799,17
5,1,5,13,1,3,679,2663,66,29,93.069359,Act
5,1,5,13,1,4,765,2671,55,21,82.630653,"no,"
5,1,5,13,1,5,843,2663,129,36,95.708107,"11,851,"
5,1,5,13,1,6,993,2666,36,25,96.504173,to
5,1,5,13,1,7,1049,2671,148,28,96.309738,approve
5,1,5,13,1,8,1217,2663,58,29,96.602325,the
5,1,5,13,1,9,1293,2660,235,32,96.498077,Conventions
5,1,5,13,1,10,1547,2663,153,29,96.690544,between
5,1,5,13,1,11,1721,2662,58,29,96.39399,the
5,1,5,13,1,12,1796,2660,187,39,96.376228,Argentine
5,1,5,13,1,13,2004,2660,164,38,96.768875,Republic
4,1,5,13,2,0,680,2704,1487,43,-1.0,
5,1,5,13,2,1,680,2710,69,29,93.17482,and
5,1,5,13,2,2,775,2706,149,34,31.690445,Poland*
5,1,5,13,2,3,945,2710,119,37,57.755817,[dated
5,1,5,13,2,4,1088,2710,80,34,96.170494,17th
5,1,5,13,2,5,1192,2708,129,36,96.853745,"March,"
5,1,5,13,2,6,1348,2710,107,36,93.300468,"1932],"
5,1,5,13,2,7,1477,2704,303,35,90.550865,Czechoslovakia®
5,1,5,13,2,8,1801,2708,119,38,95.494713,[dated
5,1,5,13,2,9,1943,2710,76,36,70.996506,31st
5,1,5,13,2,10,2040,2707,127,36,96.711327,"March,"
4,1,5,13,3,0,681,2752,1487,42,-1.0,
5,1,5,13,3,1,681,2758,108,36,92.031883,"1932],"
5,1,5,13,3,2,813,2758,70,29,93.297165,and
5,1,5,13,3,3,905,2752,200,35,90.932678,Lithuania®
5,1,5,13,3,4,1125,2756,119,38,73.758759,[dated
5,1,5,13,3,5,1267,2756,81,31,61.388264,2oth
5,1,5,13,3,6,1371,2755,160,37,96.417847,"October,"
5,1,5,13,3,7,1556,2758,107,36,96.753036,"1932],"
5,1,5,13,3,8,1687,2756,204,38,96.419846,concerning
5,1,5,13,3,9,1911,2755,201,39,96.146904,reciprocity
5,1,5,13,3,10,2132,2755,36,29,96.995583,in
4,1,5,13,4,0,677,2800,1491,43,-1.0,
5,1,5,13,4,1,677,2804,127,39,96.258995,regard
5,1,5,13,4,2,836,2808,36,26,95.321381,to
5,1,5,13,4,3,904,2806,59,29,96.574898,the
5,1,5,13,4,4,993,2808,166,34,96.765869,payment
5,1,5,13,4,5,1188,2804,37,30,96.658745,of
5,1,5,13,4,6,1255,2803,260,39,95.976753,compensation
5,1,5,13,4,7,1547,2803,52,31,96.343628,for
5,1,5,13,4,8,1627,2803,185,32,96.343628,industrial
5,1,5,13,4,9,1843,2803,183,31,93.243706,accidents.
5,1,5,13,4,10,2072,2800,96,39,91.701279,(B.O.
4,1,5,13,5,0,680,2852,377,38,-1.0,
5,1,5,13,5,1,680,2862,57,20,93.250526,no.
5,1,5,13,5,2,765,2860,131,28,95.28672,"12,045,"
5,1,5,13,5,3,921,2862,34,28,47.653824,Pp.
5,1,5,13,5,4,983,2852,74,36,95.690506,194)
3,1,5,14,0,0,479,2897,1689,89,-1.0,
4,1,5,14,1,0,479,2897,1689,39,-1.0,
5,1,5,14,1,1,479,2899,89,37,94.473328,Aug.
5,1,5,14,1,2,604,2907,8,23,74.55188,2
5,1,5,14,1,3,680,2900,128,30,92.125183,Decree
5,1,5,14,1,4,828,2908,56,22,95.47789,no.
5,1,5,14,1,5,906,2902,131,34,96.458351,"46,375,"
5,1,5,14,1,6,1056,2898,193,38,96.301079,respecting
5,1,5,14,1,7,1265,2898,190,37,96.393364,maternity
5,1,5,14,1,8,1476,2898,93,32,95.801491,leave
5,1,5,14,1,9,1592,2899,51,29,95.826454,for
5,1,5,14,1,10,1662,2907,133,21,96.262062,women
5,1,5,14,1,11,1815,2898,143,30,96.238998,salaried
5,1,5,14,1,12,1976,2897,192,38,96.558884,employees
4,1,5,14,2,0,676,2944,992,42,-1.0,
5,1,5,14,2,1,676,2947,40,29,96.509148,in
5,1,5,14,2,2,744,2947,57,29,96.509148,the
5,1,5,14,2,3,825,2946,119,40,96.804443,public
5,1,5,14,2,4,969,2947,138,29,93.179665,service.
5,1,5,14,2,5,1148,2944,96,39,91.196701,(B.O.
5,1,5,14,2,6,1271,2956,54,20,95.869064,no.
5,1,5,14,2,7,1355,2955,129,28,92.956665,"12,112,"
5,1,5,14,2,8,1511,2956,33,28,91.5485,p.
5,1,5,14,2,9,1572,2947,96,36,90.288567,1043)
3,1,5,15,0,0,480,2992,1691,135,-1.0,
4,1,5,15,1,0,480,2992,1688,39,-1.0,
5,1,5,15,1,1,480,2995,88,36,94.393997,Aug.
5,1,5,15,1,2,593,3004,19,27,79.50325,9
5,1,5,15,1,3,680,2995,128,29,79.50325,Decree
5,1,5,15,1,4,823,3003,56,23,95.450562,no.
5,1,5,15,1,5,896,2996,131,35,96.434708,"46,701,"
5,1,5,15,1,6,1045,2998,35,26,96.857368,to
5,1,5,15,1,7,1096,2995,124,28,96.690872,amend
5,1,5,15,1,8,1235,2994,131,37,96.188477,section
5,1,5,15,1,9,1383,3003,38,28,96.414436,32
5,1,5,15,1,10,1439,2994,36,29,95.272636,of
5,1,5,15,1,11,1489,2995,127,29,95.272636,Decree
5,1,5,15,1,12,1629,3002,58,22,96.185326,no.
5,1,5,15,1,13,1705,2995,118,35,95.970711,"16,117"
5,1,5,15,1,14,1837,2992,51,38,95.512108,[of
5,1,5,15,1,15,1903,2994,81,29,65.842361,16th
5,1,5,15,1,16,2000,2992,168,38,96.742897,"January,"
4,1,5,15,2,0,681,3039,1490,40,-1.0,
5,1,5,15,2,1,681,3042,110,37,85.49472,"1933],"
5,1,5,15,2,2,822,3040,195,39,96.270493,respecting
5,1,5,15,2,3,1047,3042,88,30,96.535728,fines
5,1,5,15,2,4,1163,3042,54,29,96.391319,for
5,1,5,15,2,5,1247,3043,161,36,93.276924,repeated
5,1,5,15,2,6,1441,3042,282,30,91.882858,contraventions
5,1,5,15,2,7,1753,3042,36,29,96.712975,of
5,1,5,15,2,8,1820,3042,67,29,96.854118,Act
5,1,5,15,2,9,1919,3051,53,20,95.670212,no.
5,1,5,15,2,10,2007,3042,81,34,86.535835,4661
5,1,5,15,2,11,2121,3039,50,37,96.396042,[of
4,1,5,15,3,0,681,3084,1442,43,-1.0,
5,1,5,15,3,1,681,3094,75,33,88.29306,31st
5,1,5,15,3,2,783,3091,148,36,96.715477,"August,"
5,1,5,15,3,3,959,3091,96,36,89.754105,1905]
5,1,5,15,3,4,1080,3090,193,36,96.596558,respecting
5,1,5,15,3,5,1299,3088,141,38,95.79879,Sunday
5,1,5,15,3,6,1466,3084,97,36,0.0,rest’.
5,1,5,15,3,7,1604,3087,96,40,91.802231,(B.O.
5,1,5,15,3,8,1727,3098,56,21,95.607445,no.
5,1,5,15,3,9,1812,3098,127,28,92.023369,"12,112,"
5,1,5,15,3,10,1967,3099,33,28,92.059769,p.
5,1,5,15,3,11,2028,3090,95,36,95.987595,1043)
2,1,6,0,0,0,483,3152,445,40,-1.0,
3,1,6,1,0,0,483,3152,445,40,-1.0,
4,1,6,1,1,0,483,3152,445,40,-1.0,
5,1,6,1,1,1,483,3154,82,30,76.786438,B.O.
5,1,6,1,1,2,583,3167,34,12,91.652122,=
5,1,6,1,1,3,637,3154,134,30,91.106583,Boletin
5,1,6,1,1,4,791,3152,137,40,75.506783,Oficial.
2,1,7,0,0,0,436,3220,1732,92,-1.0,
3,1,7,1,0,0,436,3220,1732,92,-1.0,
4,1,7,1,1,0,480,3220,1687,43,-1.0,
5,1,7,1,1,1,480,3222,16,22,86.993668,1
5,1,7,1,1,2,521,3226,78,30,85.373291,L.S.
5,1,7,1,1,3,619,3228,84,34,96.372658,1926
5,1,7,1,1,4,720,3226,92,37,95.594429,(Arg.
5,1,7,1,1,5,832,3226,44,36,93.292809,1).
5,1,7,1,1,6,899,3242,45,5,89.388664,—
5,1,7,1,1,7,965,3220,16,22,74.296722,#
5,1,7,1,1,8,1005,3226,75,30,88.368591,L.S.
5,1,7,1,1,9,1101,3234,82,28,29.36232,1929
5,1,7,1,1,10,1203,3224,92,39,94.439285,(Arg.
5,1,7,1,1,11,1312,3234,29,26,81.670448,"1,"
5,1,7,1,1,12,1360,3227,56,36,93.295959,A).
5,1,7,1,1,13,1439,3242,45,4,86.285492,—
5,1,7,1,1,14,1507,3220,14,22,53.137695,3
5,1,7,1,1,15,1541,3224,76,31,83.398102,L.S.
5,1,7,1,1,16,1637,3232,83,30,95.935013,1935
5,1,7,1,1,17,1737,3226,83,36,80.978134,(Int.
5,1,7,1,1,18,1836,3227,44,36,93.242401,7).
5,1,7,1,1,19,1898,3242,44,5,92.783791,—
5,1,7,1,1,20,1957,3222,17,22,23.67659,4
5,1,7,1,1,21,1992,3224,76,31,88.614296,L.S.
5,1,7,1,1,22,2086,3231,81,31,95.841888,1935
4,1,7,1,2,0,436,3268,1732,44,-1.0,
5,1,7,1,2,1,436,3272,86,39,96.32962,(Int.
5,1,7,1,2,2,543,3272,45,39,92.743721,6).
5,1,7,1,2,3,609,3290,46,5,92.743721,—
5,1,7,1,2,4,673,3268,16,23,83.642326,5
5,1,7,1,2,5,712,3274,77,30,91.269325,L.S.
5,1,7,1,2,6,807,3282,84,28,96.67112,1934
5,1,7,1,2,7,907,3274,84,37,94.229378,(Int.
5,1,7,1,2,8,1005,3274,47,37,93.178001,8).
5,1,7,1,2,9,1071,3288,45,6,29.104576,——
5,1,7,1,2,10,1133,3268,15,23,43.714581,©
5,1,7,1,2,11,1171,3272,76,31,91.248932,L.S.
5,1,7,1,2,12,1263,3282,84,28,95.800804,1934
5,1,7,1,2,13,1363,3274,84,37,86.154449,(Int.
5,1,7,1,2,14,1465,3272,44,39,91.812164,5).
5,1,7,1,2,15,1525,3268,70,27,59.535675,—7
5,1,7,1,2,16,1615,3272,76,31,92.036911,L.S.
5,1,7,1,2,17,1711,3274,82,36,96.481804,1926
5,1,7,1,2,18,1811,3272,90,40,95.273735,(Arg.
5,1,7,1,2,19,1921,3283,30,28,96.618149,"2,"
5,1,7,1,2,20,1969,3272,199,39,96.294067,appendix).
1,2,0,0,0,0,0,0,2335,3674,-1.0,
2,2,1,0,0,0,168,270,968,42,-1.0,
3,2,1,1,0,0,168,270,968,42,-1.0,
4,2,1,1,1,0,168,270,968,42,-1.0,
5,2,1,1,1,1,168,270,109,38,95.103523,(1755)
5,2,1,1,1,2,927,272,209,40,12.884911,—-5-—-
2,2,2,0,0,0,169,393,1000,52,-1.0,
3,2,2,1,0,0,169,393,1000,52,-1.0,
4,2,2,1,1,0,169,393,1000,52,-1.0,
5,2,2,1,1,1,169,394,364,39,96.23423,ARGENTINE
5,2,2,1,1,2,564,394,309,41,96.077927,REPUBLIC
5,2,2,1,1,3,905,393,264,52,96.524193,(continued)
2,2,3,0,0,0,212,469,1690,1433,-1.0,
3,2,3,1,0,0,596,469,844,55,-1.0,
4,2,3,1,1,0,596,469,844,55,-1.0,
5,2,3,1,1,1,596,483,209,29,96.496857,FEDERAL
5,2,3,1,1,2,835,476,310,35,96.107689,GOVERNMENT
5,2,3,1,1,3,1179,469,261,55,96.107689,(continued)
3,2,3,2,0,0,212,532,1686,87,-1.0,
4,2,3,2,1,0,212,532,1686,39,-1.0,
5,2,3,2,1,1,212,535,85,36,95.947868,Aug.
5,2,3,2,1,2,324,535,39,29,96.246796,28
5,2,3,2,1,3,405,535,66,28,77.726898,Act
5,2,3,2,1,4,487,543,54,20,77.726898,no.
5,2,3,2,1,5,562,535,131,36,95.316422,"11,896,"
5,2,3,2,1,6,712,537,36,26,95.052376,to
5,2,3,2,1,7,764,536,51,27,95.052376,set
5,2,3,2,1,8,833,541,44,28,96.731079,up
5,2,3,2,1,9,896,541,17,19,96.36795,a
5,2,3,2,1,10,931,532,164,29,95.922974,National
5,2,3,2,1,11,1112,532,289,37,95.88575,Unemployment
5,2,3,2,1,12,1420,532,121,29,93.299835,Board.
5,2,3,2,1,13,1576,532,97,36,90.33606,(B.O.
5,2,3,2,1,14,1692,541,55,20,95.98851,no.
5,2,3,2,1,15,1769,540,129,29,96.803902,"12,073,"
4,2,3,2,2,0,405,580,535,39,-1.0,
5,2,3,2,2,1,405,592,34,27,55.059055,Pp.
5,2,3,2,2,2,464,588,77,29,86.959167,417;
5,2,3,2,2,3,567,591,56,20,92.123123,no.
5,2,3,2,2,4,652,589,129,28,93.259186,"12,124,"
5,2,3,2,2,5,808,591,31,26,91.297707,p.
5,2,3,2,2,6,865,580,75,36,94.170944,419)
3,2,3,3,0,0,214,625,1685,88,-1.0,
4,2,3,3,1,0,214,625,1685,42,-1.0,
5,2,3,3,1,1,214,629,91,38,96.225899,Sept.
5,2,3,3,1,2,332,639,36,20,93.745972,21
5,2,3,3,1,3,404,629,65,30,93.745972,Act
5,2,3,3,1,4,492,637,53,20,95.296745,no.
5,2,3,3,1,5,573,635,128,30,96.258232,"11,729,"
5,2,3,3,1,6,727,632,36,25,96.827904,to
5,2,3,3,1,7,785,628,123,29,96.861984,amend
5,2,3,3,1,8,929,627,147,29,93.221603,sections
5,2,3,3,1,9,1103,629,170,34,77.827995,154—-160
5,2,3,3,1,10,1295,629,34,27,95.853752,of
5,2,3,3,1,11,1354,629,55,27,96.341545,the
5,2,3,3,1,12,1433,625,224,31,96.566711,Commercial
5,2,3,3,1,13,1680,625,91,31,91.912056,Code
5,2,3,3,1,14,1793,628,106,36,91.912056,[com-
4,2,3,3,2,0,405,672,1494,41,-1.0,
5,2,3,3,2,1,405,676,136,31,95.810104,mercial
5,2,3,3,2,2,558,676,219,37,92.940361,employees].
5,2,3,3,2,3,811,675,94,37,90.391548,(B.O.
5,2,3,3,2,4,925,684,56,20,93.960197,no.
5,2,3,3,2,5,1003,675,128,36,93.250343,"12,086,"
5,2,3,3,2,6,1149,684,32,27,91.705627,p.
5,2,3,3,2,7,1204,675,95,36,95.541176,1188)
5,2,3,3,2,8,1627,672,113,33,95.704559,Text:
5,2,3,3,2,9,1768,673,90,39,88.582787,Arg.
5,2,3,3,2,10,1877,673,22,32,88.582787,3
3,2,3,4,0,0,213,721,1685,87,-1.0,
4,2,3,4,1,0,213,721,1685,39,-1.0,
5,2,3,4,1,1,213,725,75,28,96.39669,Oct.
5,2,3,4,1,2,314,725,17,28,71.158051,8
5,2,3,4,1,3,405,724,66,29,68.620491,Act
5,2,3,4,1,4,487,732,53,20,68.620491,no.
5,2,3,4,1,5,562,733,129,27,95.396805,"12,104,"
5,2,3,4,1,6,711,728,36,25,96.496979,to
5,2,3,4,1,7,761,723,140,37,96.737892,provide
5,2,3,4,1,8,920,723,51,28,95.780777,for
5,2,3,4,1,9,988,724,56,27,96.872269,the
5,2,3,4,1,10,1063,721,119,39,96.20636,taking
5,2,3,4,1,11,1196,724,35,28,96.754585,of
5,2,3,4,1,12,1248,732,17,20,96.93187,a
5,2,3,4,1,13,1283,731,118,21,96.906883,census
5,2,3,4,1,14,1419,724,34,27,96.8965,of
5,2,3,4,1,15,1468,723,160,36,96.469315,industry
5,2,3,4,1,16,1646,724,51,27,96.469315,for
5,2,3,4,1,17,1716,724,56,29,96.411369,the
5,2,3,4,1,18,1789,723,109,29,96.355537,whole
4,2,3,4,2,0,407,771,1049,37,-1.0,
5,2,3,4,2,1,407,772,158,35,96.273315,territory
5,2,3,4,2,2,589,773,35,27,96.410049,of
5,2,3,4,2,3,649,772,56,28,96.539047,the
5,2,3,4,2,4,731,771,177,37,93.179199,Republic.
5,2,3,4,2,5,948,771,95,35,90.650101,(B.O.
5,2,3,4,2,6,1068,779,53,20,95.746262,no.
5,2,3,4,2,7,1149,779,128,28,93.103371,"12,112,"
5,2,3,4,2,8,1301,780,32,27,91.984505,p.
5,2,3,4,2,9,1361,771,95,36,96.656021,1052)
3,2,3,5,0,0,214,817,1686,86,-1.0,
4,2,3,5,1,0,214,817,1686,40,-1.0,
5,2,3,5,1,1,214,820,74,29,88.017143,Oct.
5,2,3,5,1,2,322,829,9,28,59.918655,9
5,2,3,5,1,3,405,820,132,28,55.998463, Actno.
5,2,3,5,1,4,556,825,128,31,93.581528,"12,107,"
5,2,3,5,1,5,700,823,36,25,96.817482,to
5,2,3,5,1,6,748,819,140,36,96.313416,provide
5,2,3,5,1,7,903,817,50,30,96.3004,for
5,2,3,5,1,8,965,817,218,38,95.676498,compulsory
5,2,3,5,1,9,1195,821,185,27,95.676498,treatment
5,2,3,5,1,10,1395,819,68,28,96.225494,and
5,2,3,5,1,11,1475,817,240,38,95.88414,prophylactic
5,2,3,5,1,12,1728,827,172,21,95.88414,measures
4,2,3,5,2,0,407,865,941,38,-1.0,
5,2,3,5,2,1,407,868,50,28,92.348755,for
5,2,3,5,2,2,481,865,311,36,91.728622,ankylostomiasis.
5,2,3,5,2,3,833,865,95,38,74.635284,(B.O.
5,2,3,5,2,4,953,873,55,22,79.513306,no.
5,2,3,5,2,5,1037,873,127,28,93.294411,"12,140,"
5,2,3,5,2,6,1191,876,30,27,90.127243,p.
5,2,3,5,2,7,1251,867,97,36,96.897888,1202)
3,2,3,6,0,0,214,912,1686,135,-1.0,
4,2,3,6,1,0,214,912,1686,39,-1.0,
5,2,3,6,1,1,214,915,74,29,92.106422,Oct.
5,2,3,6,1,2,323,924,9,27,87.245377,9
5,2,3,6,1,3,405,915,66,28,73.075348,Act
5,2,3,6,1,4,495,923,53,20,90.678146,no.
5,2,3,6,1,5,577,923,128,28,95.596291,"12,111,"
5,2,3,6,1,6,732,918,36,25,96.754288,to
5,2,3,6,1,7,791,913,144,38,96.40461,provide
5,2,3,6,1,8,960,913,52,28,96.524475,for
5,2,3,6,1,9,1035,913,50,30,96.157883,six
5,2,3,6,1,10,1111,913,120,31,96.494125,weeks’
5,2,3,6,1,11,1257,913,95,30,96.350655,leave
5,2,3,6,1,12,1376,913,81,28,96.350655,with
5,2,3,6,1,13,1483,921,68,28,95.784836,pay
5,2,3,6,1,14,1576,912,116,29,96.938972,before
5,2,3,6,1,15,1719,915,68,28,96.717613,and
5,2,3,6,1,16,1813,913,87,30,96.464317,after
4,2,3,6,2,0,405,960,1493,37,-1.0,
5,2,3,6,2,1,405,961,184,30,96.632339,childbirth
5,2,3,6,2,2,620,964,52,27,96.160622,for
5,2,3,6,2,3,700,971,132,20,93.223808,women
5,2,3,6,2,4,861,961,254,36,92.449905,wage-earning
5,2,3,6,2,5,1141,963,68,28,96.631538,and
5,2,3,6,2,6,1237,961,143,30,93.239426,salaried
5,2,3,6,2,7,1409,960,194,37,79.182861,ernployees
5,2,3,6,2,8,1632,963,35,26,96.182327,of
5,2,3,6,2,9,1699,961,56,28,96.429428,the
5,2,3,6,2,10,1789,961,109,30,96.899323,State.
4,2,3,6,3,0,408,1009,520,38,-1.0,
5,2,3,6,3,1,408,1009,96,36,77.077065,"(B.O,"
5,2,3,6,3,2,531,1017,54,23,95.574684,"no,"
5,2,3,6,3,3,616,1017,128,28,93.141174,"12,140,"
5,2,3,6,3,4,772,1020,32,27,79.001587,p.
5,2,3,6,3,5,835,1009,93,36,93.111084,1202)
3,2,3,7,0,0,213,1055,1688,181,-1.0,
4,2,3,7,1,0,213,1055,1688,38,-1.0,
5,2,3,7,1,1,213,1059,75,28,95.657959,Oct.
5,2,3,7,1,2,314,1067,34,20,88.436798,11
5,2,3,7,1,3,405,1057,67,30,88.165085,Act
5,2,3,7,1,4,496,1065,55,20,94.756592,no.
5,2,3,7,1,5,581,1065,116,28,31.976807,"11929,"
5,2,3,7,1,6,732,1060,36,25,96.781456,to
5,2,3,7,1,7,797,1057,106,35,96.478104,ratify
5,2,3,7,1,8,929,1056,56,29,95.818756,the
5,2,3,7,1,9,1012,1055,215,30,95.818756,Convention
5,2,3,7,1,10,1251,1057,153,30,96.725555,between
5,2,3,7,1,11,1432,1057,56,28,96.844925,the
5,2,3,7,1,12,1513,1055,190,37,96.812714,Argentine
5,2,3,7,1,13,1732,1055,169,38,96.662651,Republic
4,2,3,7,2,0,408,1103,1492,38,-1.0,
5,2,3,7,2,1,408,1105,67,28,96.844765,and
5,2,3,7,2,2,501,1107,55,26,96.435188,the
5,2,3,7,2,3,587,1105,172,36,96.269257,Kingdom
5,2,3,7,2,4,787,1104,36,29,95.68869,of
5,2,3,7,2,5,849,1104,174,29,95.992676,Denmark
5,2,3,7,2,6,1049,1105,204,36,96.443367,concerning
5,2,3,7,2,7,1277,1104,202,37,96.094086,reciprocity
5,2,3,7,2,8,1504,1103,83,29,96.807739,with
5,2,3,7,2,9,1615,1107,135,33,96.330193,respect
5,2,3,7,2,10,1777,1108,38,25,96.078499,to
5,2,3,7,2,11,1841,1104,59,29,96.806534,the
4,2,3,7,3,0,408,1149,1492,40,-1.0,
5,2,3,7,3,1,408,1155,187,26,96.149826,treatment
5,2,3,7,3,2,621,1155,35,26,96.414963,of
5,2,3,7,3,3,681,1153,147,28,95.705391,workers
5,2,3,7,3,4,852,1152,36,28,96.198174,in
5,2,3,7,3,5,915,1155,142,25,95.659584,matters
5,2,3,7,3,6,1083,1153,34,27,96.791611,of
5,2,3,7,3,7,1143,1152,257,37,96.401466,compensation
5,2,3,7,3,8,1427,1152,52,28,96.401466,for
5,2,3,7,3,9,1501,1149,186,31,96.036011,industrial
5,2,3,7,3,10,1713,1152,187,35,96.062302,"accidents,"
4,2,3,7,4,0,406,1195,1492,41,-1.0,
5,2,3,7,4,1,406,1199,117,37,96.78627,signed
5,2,3,7,4,2,544,1203,36,26,95.791321,at
5,2,3,7,4,3,602,1200,135,29,95.791321,Buenos
5,2,3,7,4,4,757,1200,95,29,96.67852,Aires
5,2,3,7,4,5,872,1208,44,20,96.984894,on
5,2,3,7,4,6,941,1200,79,28,96.054855,16th
5,2,3,7,4,7,1041,1199,206,37,96.054855,"November,"
5,2,3,7,4,8,1272,1195,107,41,90.661674,19278.
5,2,3,7,4,9,1416,1200,95,36,91.573807,(B.O.
5,2,3,7,4,10,1532,1207,56,20,91.40107,no.
5,2,3,7,4,11,1615,1205,129,28,93.272957,"12,122,"
5,2,3,7,4,12,1765,1209,34,27,92.725708,p.
5,2,3,7,4,13,1823,1199,75,36,96.850594,322)
3,2,3,8,0,0,214,1245,1688,182,-1.0,
4,2,3,8,1,0,214,1245,1687,40,-1.0,
5,2,3,8,1,1,214,1248,74,28,95.079834,Oct.
5,2,3,8,1,2,317,1257,34,19,81.852089,11
5,2,3,8,1,3,406,1248,66,28,91.336548,Act
5,2,3,8,1,4,497,1255,54,20,96.481934,no.
5,2,3,8,1,5,582,1255,129,30,95.116798,"11,930,"
5,2,3,8,1,6,739,1251,35,25,96.952614,to
5,2,3,8,1,7,800,1247,104,36,96.605049,ratify
5,2,3,8,1,8,932,1247,56,29,96.445641,the
5,2,3,8,1,9,1013,1245,215,31,96.467003,Convention
5,2,3,8,1,10,1253,1248,152,29,96.725357,between
5,2,3,8,1,11,1433,1247,58,29,96.582436,the
5,2,3,8,1,12,1515,1247,188,36,96.582436,Argentine
5,2,3,8,1,13,1732,1245,169,39,96.869392,Republic
4,2,3,8,2,0,408,1293,1492,39,-1.0,
5,2,3,8,2,1,408,1295,67,28,95.951874,and
5,2,3,8,2,2,493,1296,56,28,95.951874,the
5,2,3,8,2,3,571,1295,173,37,96.715401,Kingdom
5,2,3,8,2,4,761,1295,35,28,96.62709,of
5,2,3,8,2,5,816,1295,140,29,96.63311,Sweden
5,2,3,8,2,6,972,1293,205,39,96.727577,concerning
5,2,3,8,2,7,1193,1295,204,37,96.236107,reciprocity
5,2,3,8,2,8,1412,1293,83,30,96.949081,with
5,2,3,8,2,9,1512,1298,132,33,96.624138,respect
5,2,3,8,2,10,1665,1296,36,25,95.997398,to
5,2,3,8,2,11,1719,1293,57,31,93.042458,the
5,2,3,8,2,12,1796,1297,104,26,92.379402,treat-
4,2,3,8,3,0,408,1341,1494,38,-1.0,
5,2,3,8,3,1,408,1345,93,26,96.49749,ment
5,2,3,8,3,2,522,1341,35,30,96.35862,of
5,2,3,8,3,3,577,1343,148,29,95.893105,workers
5,2,3,8,3,4,747,1343,34,28,95.425789,in
5,2,3,8,3,5,803,1345,144,26,96.374886,matters
5,2,3,8,3,6,968,1341,35,30,95.900703,of
5,2,3,8,3,7,1023,1343,256,35,96.098907,compensation
5,2,3,8,3,8,1300,1343,52,29,96.792122,for
5,2,3,8,3,9,1371,1341,181,31,96.356041,industrial
5,2,3,8,3,10,1575,1341,185,37,95.580894,"accidents,"
5,2,3,8,3,11,1783,1341,119,38,96.79213,signed
4,2,3,8,4,0,408,1385,1312,42,-1.0,
5,2,3,8,4,1,408,1393,35,26,96.30024,at
5,2,3,8,4,2,472,1389,137,31,96.640556,Buenos
5,2,3,8,4,3,635,1391,98,29,96.589493,Aires
5,2,3,8,4,4,759,1399,43,20,96.115746,on
5,2,3,8,4,5,835,1389,78,35,94.749382,14th
5,2,3,8,4,6,941,1389,91,37,96.106216,"May,"
5,2,3,8,4,7,1064,1385,108,41,2.159843,19289.
5,2,3,8,4,8,1215,1391,94,36,88.395935,(B.O.
5,2,3,8,4,9,1338,1399,54,20,95.969742,no.
5,2,3,8,4,10,1424,1397,129,29,93.291161,"12,122,"
5,2,3,8,4,11,1581,1399,32,27,90.355522,p.
5,2,3,8,4,12,1645,1388,75,36,96.912155,322)
3,2,3,9,0,0,214,1436,1688,228,-1.0,
4,2,3,9,1,0,214,1436,1687,38,-1.0,
5,2,3,9,1,1,214,1437,75,30,94.708748,Oct.
5,2,3,9,1,2,317,1447,35,19,84.103294,11
5,2,3,9,1,3,408,1438,64,28,91.834656,Act
5,2,3,9,1,4,497,1445,54,21,91.134453,no.
5,2,3,9,1,5,582,1447,129,27,95.528297,"11,931,"
5,2,3,9,1,6,739,1440,36,26,96.454918,to
5,2,3,9,1,7,799,1437,105,37,96.454918,ratify
5,2,3,9,1,8,931,1437,56,29,96.238678,the
5,2,3,9,1,9,1013,1436,215,31,96.136711,Convention
5,2,3,9,1,10,1255,1439,152,28,96.405357,between
5,2,3,9,1,11,1433,1437,56,30,96.80027,the
5,2,3,9,1,12,1515,1436,189,38,96.720215,Argentine
5,2,3,9,1,13,1733,1436,168,38,96.900688,Republic
4,2,3,9,2,0,408,1483,1494,40,-1.0,
5,2,3,9,2,1,408,1484,67,30,96.751907,and
5,2,3,9,2,2,499,1487,54,27,96.473633,the
5,2,3,9,2,3,580,1485,173,38,95.664902,Kingdom
5,2,3,9,2,4,777,1487,35,27,96.003517,of
5,2,3,9,2,5,835,1487,56,27,96.574905,the
5,2,3,9,2,6,917,1484,111,36,96.497169,"Serbs,"
5,2,3,9,2,7,1051,1483,118,31,96.457474,Croats
5,2,3,9,2,8,1193,1485,67,30,96.913261,and
5,2,3,9,2,9,1285,1484,160,30,96.439735,Slovenes
5,2,3,9,2,10,1468,1484,208,36,96.387054,concerning
5,2,3,9,2,11,1696,1483,206,39,96.130646,reciprocity
4,2,3,9,3,0,405,1531,1497,39,-1.0,
5,2,3,9,3,1,405,1532,83,28,96.778885,with
5,2,3,9,3,2,513,1536,132,34,96.262077,respect
5,2,3,9,3,3,675,1536,36,26,95.841614,to
5,2,3,9,3,4,737,1533,58,29,95.841614,the
5,2,3,9,3,5,823,1536,186,27,96.05835,treatment
5,2,3,9,3,6,1036,1533,35,27,96.889877,of
5,2,3,9,3,7,1096,1533,147,29,96.84288,workers
5,2,3,9,3,8,1268,1533,35,29,95.7108,in
5,2,3,9,3,9,1329,1536,143,26,95.7108,matters
5,2,3,9,3,10,1497,1532,38,28,96.753754,of
5,2,3,9,3,11,1559,1532,262,36,96.431877,compensation
5,2,3,9,3,12,1848,1531,54,29,96.423058,for
4,2,3,9,4,0,407,1575,1493,43,-1.0,
5,2,3,9,4,1,407,1579,181,29,96.543945,industrial
5,2,3,9,4,2,613,1581,184,35,96.287933,"accidents,"
5,2,3,9,4,3,821,1580,116,38,95.882011,signed
5,2,3,9,4,4,963,1583,36,25,94.923492,at
5,2,3,9,4,5,1023,1579,134,29,96.569939,Buenos
5,2,3,9,4,6,1179,1580,94,31,96.641975,Aires
5,2,3,9,4,7,1296,1589,44,21,96.631401,on
5,2,3,9,4,8,1364,1580,59,30,96.831421,8th
5,2,3,9,4,9,1448,1579,160,36,96.752762,"October,"
5,2,3,9,4,10,1636,1575,126,40,42.580532,19281.
5,2,3,9,4,11,1801,1579,99,37,90.15638,(B.O.
4,2,3,9,5,0,407,1628,358,36,-1.0,
5,2,3,9,5,1,407,1635,54,20,71.949226,nO.
5,2,3,9,5,2,482,1635,129,28,88.77179,"12,122,"
5,2,3,9,5,3,637,1637,31,27,92.24118,p.
5,2,3,9,5,4,691,1628,74,36,96.826958,322)
3,2,3,10,0,0,214,1673,1688,134,-1.0,
4,2,3,10,1,0,214,1673,1686,39,-1.0,
5,2,3,10,1,1,214,1675,75,29,95.840218,Oct.
5,2,3,10,1,2,317,1684,36,27,81.136795,15
5,2,3,10,1,3,407,1675,65,28,57.13583,Act
5,2,3,10,1,4,493,1683,55,20,95.750595,no.
5,2,3,10,1,5,574,1684,130,28,94.748398,"11,932,"
5,2,3,10,1,6,728,1679,36,25,96.125854,to
5,2,3,10,1,7,787,1675,122,29,96.866379,amend
5,2,3,10,1,8,931,1675,130,28,95.377625,section
5,2,3,10,1,9,1087,1683,36,28,96.158592,15
5,2,3,10,1,10,1147,1677,34,27,95.517464,of
5,2,3,10,1,11,1201,1676,67,28,94.741585,Act
5,2,3,10,1,12,1289,1684,54,20,96.598412,no.
5,2,3,10,1,13,1371,1682,114,29,95.587891,"11,317"
5,2,3,10,1,14,1507,1675,48,36,95.587891,[of
5,2,3,10,1,15,1580,1673,81,37,85.386818,30th
5,2,3,10,1,16,1687,1673,213,38,96.202377,"September,"
4,2,3,10,2,0,410,1717,1492,43,-1.0,
5,2,3,10,2,1,410,1731,94,28,96.3367,"1924,"
5,2,3,10,2,2,525,1726,36,26,96.3367,to
5,2,3,10,2,3,579,1723,150,37,96.078163,regulate
5,2,3,10,2,4,751,1724,57,28,96.729874,the
5,2,3,10,2,5,827,1721,233,38,95.974037,employment
5,2,3,10,2,6,1079,1724,34,27,96.771553,of
5,2,3,10,2,7,1131,1731,130,21,95.066277,women
5,2,3,10,2,8,1281,1723,67,28,95.066277,and
5,2,3,10,2,9,1368,1731,116,28,96.502815,young
5,2,3,10,2,10,1499,1717,190,42,71.059494,persons]?!
5,2,3,10,2,11,1708,1721,194,38,96.701164,respecting
4,2,3,10,3,0,409,1769,1490,38,-1.0,
5,2,3,10,3,1,409,1771,119,29,96.561943,breaks
5,2,3,10,3,2,544,1771,145,36,96.481323,granted
5,2,3,10,3,3,707,1775,35,25,96.990677,to
5,2,3,10,3,4,756,1772,151,27,96.502769,mothers
5,2,3,10,3,5,921,1772,52,27,96.690399,for
5,2,3,10,3,6,988,1769,143,37,96.564964,nursing
5,2,3,10,3,7,1145,1771,86,29,95.55452,their
5,2,3,10,3,8,1245,1771,162,28,92.539703,children.
5,2,3,10,3,9,1439,1769,94,38,91.858521,(B.O.
5,2,3,10,3,10,1551,1777,54,21,96.586784,no.
5,2,3,10,3,11,1627,1777,129,28,93.300125,"12,109,"
5,2,3,10,3,12,1772,1780,34,27,91.306854,p.
5,2,3,10,3,13,1823,1769,76,38,92.982826,899)
3,2,3,11,0,0,1524,1813,372,42,-1.0,
4,2,3,11,1,0,1524,1813,372,42,-1.0,
5,2,3,11,1,1,1524,1814,112,33,95.913353,Text:
5,2,3,11,1,2,1665,1813,89,41,0.0,Arg.
5,2,3,11,1,3,1775,1815,19,32,0.0,1
5,2,3,11,1,4,1827,1813,69,42,93.637291,(A)
3,2,3,12,0,0,216,1863,1686,39,-1.0,
4,2,3,12,1,0,216,1863,1686,39,-1.0,
5,2,3,12,1,1,216,1864,74,30,95.678169,Oct.
5,2,3,12,1,2,318,1873,37,29,88.911095,15
5,2,3,12,1,3,408,1865,67,27,88.911095,Act
5,2,3,12,1,4,494,1872,54,20,96.230995,no.
5,2,3,12,1,5,576,1873,127,29,96.060692,"11,933,"
5,2,3,12,1,6,727,1864,189,38,96.111519,respecting
5,2,3,12,1,7,940,1867,55,27,96.322784,the
5,2,3,12,1,8,1017,1863,232,37,96.302017,employment
5,2,3,12,1,9,1271,1867,34,27,96.285118,of
5,2,3,12,1,10,1327,1873,130,22,96.340805,women
5,2,3,12,1,11,1479,1864,117,31,95.989029,before
5,2,3,12,1,12,1619,1864,68,28,96.592606,and
5,2,3,12,1,13,1711,1865,88,29,92.355492,after
5,2,3,12,1,14,1821,1873,81,21,92.355492,con-
2,2,4,0,0,0,216,1908,1686,232,-1.0,
3,2,4,1,0,0,216,1908,1686,232,-1.0,
4,2,4,1,1,0,409,1908,1490,42,-1.0,
5,2,4,1,1,1,409,1912,175,30,91.875656,finement.
5,2,4,1,1,2,625,1913,96,36,91.132774,(B.O.
5,2,4,1,1,3,747,1921,56,21,89.906052,no.
5,2,4,1,1,4,824,1921,127,29,93.272865,"12,109,"
5,2,4,1,1,5,977,1921,31,27,92.671669,p.
5,2,4,1,1,6,1029,1912,72,36,95.157242,898)
5,2,4,1,1,7,1531,1908,113,34,93.302193,Text:
5,2,4,1,1,8,1673,1908,127,40,88.496674,Arg.1
5,2,4,1,1,9,1833,1908,66,42,90.721718,(B)
4,2,4,1,2,0,216,1955,1686,43,-1.0,
5,2,4,1,2,1,216,1960,75,28,96.572365,Oct.
5,2,4,1,2,2,320,1968,35,27,64.753387,15
5,2,4,1,2,3,409,1960,133,28,79.863167,Actno.
5,2,4,1,2,4,561,1969,130,27,95.632751,"12,101,"
5,2,4,1,2,5,707,1964,36,26,96.435371,to
5,2,4,1,2,6,757,1960,123,30,96.334122,amend
5,2,4,1,2,7,893,1960,67,30,96.466629,Act
5,2,4,1,2,8,973,1968,54,20,95.69664,no.
5,2,4,1,2,9,1044,1955,117,41,66.626846,9148?”
5,2,4,1,2,10,1176,1960,191,38,95.620132,respecting
5,2,4,1,2,11,1381,1961,56,29,96.312614,the
5,2,4,1,2,12,1452,1959,248,37,96.415627,Employment
5,2,4,1,2,13,1715,1960,187,36,96.332802,Exchange
4,2,4,1,3,0,412,2003,1487,43,-1.0,
5,2,4,1,3,1,412,2007,144,29,92.77356,Service.
5,2,4,1,3,2,597,2008,96,38,85.12767,(B.O.
5,2,4,1,3,3,721,2016,56,21,94.162704,no.
5,2,4,1,3,4,808,2016,128,28,92.945549,"12,109,"
5,2,4,1,3,5,963,2017,32,27,92.945549,p.
5,2,4,1,3,6,1023,2007,73,37,96.316513,898)
5,2,4,1,3,7,1527,2003,112,35,95.347054,Text:
5,2,4,1,3,8,1668,2004,90,39,72.805679,Arg.
5,2,4,1,3,9,1777,2005,22,31,72.805679,2
5,2,4,1,3,10,1831,2004,68,40,95.95475,(A)
4,2,4,1,4,0,217,2049,1685,43,-1.0,
5,2,4,1,4,1,217,2055,75,28,94.763,Oct.
5,2,4,1,4,2,320,2063,36,27,89.63765,15
5,2,4,1,4,3,409,2053,66,30,89.63765,Act
5,2,4,1,4,4,496,2063,53,20,96.701607,no.
5,2,4,1,4,5,577,2064,131,28,93.88588,"12,102,"
5,2,4,1,4,6,732,2059,35,25,96.678185,to
5,2,4,1,4,7,789,2055,123,29,96.330132,amend
5,2,4,1,4,8,932,2055,131,29,93.291809,section
5,2,4,1,4,9,1085,2053,74,38,50.4729,3bis
5,2,4,1,4,10,1180,2056,35,27,96.53157,of
5,2,4,1,4,11,1235,2055,65,28,96.221703,Act
5,2,4,1,4,12,1321,2063,55,21,89.248398,no.
5,2,4,1,4,13,1399,2049,117,42,0.0,9661}°
5,2,4,1,4,14,1537,2055,209,36,96.218056,[respecting
5,2,4,1,4,15,1767,2055,135,37,96.71553,private
4,2,4,1,5,0,410,2099,1490,41,-1.0,
5,2,4,1,5,1,410,2100,235,39,95.85791,employment
5,2,4,1,5,2,669,2103,179,37,91.943588,agencies].
5,2,4,1,5,3,887,2103,94,36,91.943588,(B.O.
5,2,4,1,5,4,1007,2111,54,20,96.507973,no.
5,2,4,1,5,5,1091,2111,125,29,91.539162,"12,109,"
5,2,4,1,5,6,1241,2112,32,27,91.331779,p.
5,2,4,1,5,7,1300,2103,73,36,95.832802,898)
5,2,4,1,5,8,1532,2099,112,33,95.616852,Text:
5,2,4,1,5,9,1673,2099,89,40,82.027603,Arg.
5,2,4,1,5,10,1781,2101,22,31,82.027603,2
5,2,4,1,5,11,1833,2099,67,41,92.457001,(B)
2,2,5,0,0,0,216,2148,1688,1094,-1.0,
3,2,5,1,0,0,216,2148,1686,179,-1.0,
4,2,5,1,1,0,216,2148,1684,39,-1.0,
5,2,5,1,1,1,216,2149,75,29,95.472565,Oct.
5,2,5,1,1,2,317,2156,38,28,63.138763,23
5,2,5,1,1,3,410,2148,123,31,95.642166,Decree
5,2,5,1,1,4,561,2159,55,20,95.445343,no.
5,2,5,1,1,5,648,2159,128,28,96.050659,"50,442,"
5,2,5,1,1,6,807,2154,35,25,96.331528,to
5,2,5,1,1,7,869,2149,123,30,96.717163,amend
5,2,5,1,1,8,1021,2149,123,30,96.700844,Decree
5,2,5,1,1,9,1172,2159,53,20,96.39959,no.
5,2,5,1,1,10,1257,2151,116,35,96.131905,"16,116"
5,2,5,1,1,11,1400,2149,48,37,90.571045,fof
5,2,5,1,1,12,1477,2149,79,30,96.026161,16th
5,2,5,1,1,13,1586,2149,172,37,96.46788,"January,"
5,2,5,1,1,14,1789,2149,111,37,96.665672,"1933],"
4,2,5,1,2,0,409,2196,1493,39,-1.0,
5,2,5,1,2,1,409,2197,191,38,96.553391,respecting
5,2,5,1,2,2,629,2199,58,28,96.66687,the
5,2,5,1,2,3,716,2197,235,38,96.617302,employment
5,2,5,1,2,4,980,2205,119,21,96.715248,census
5,2,5,1,2,5,1127,2196,169,36,96.490204,[censuses
5,2,5,1,2,6,1324,2199,35,27,95.632103,of
5,2,5,1,2,7,1388,2196,188,38,95.632103,employers
5,2,5,1,2,8,1608,2197,69,29,96.900703,and
5,2,5,1,2,9,1707,2196,195,39,96.776031,employees
4,2,5,1,3,0,410,2244,1492,38,-1.0,
5,2,5,1,3,1,410,2244,69,28,95.173859,and
5,2,5,1,3,2,504,2245,35,27,95.905907,of
5,2,5,1,3,3,565,2245,223,30,96.046783,associations
5,2,5,1,3,4,813,2248,35,27,96.813972,of
5,2,5,1,3,5,873,2244,190,38,96.28083,employers
5,2,5,1,3,6,1088,2244,68,30,96.618172,and
5,2,5,1,3,7,1181,2244,215,38,91.431625,employees].
5,2,5,1,3,8,1437,2244,96,36,91.431625,(B.O.
5,2,5,1,3,9,1564,2252,95,28,95.838211,"1935,"
5,2,5,1,3,10,1686,2253,56,21,95.838211,no.
5,2,5,1,3,11,1772,2251,130,31,96.607872,"12,177,"
4,2,5,1,4,0,410,2291,126,36,-1.0,
5,2,5,1,4,1,410,2300,31,27,69.32132,p.
5,2,5,1,4,2,461,2291,75,36,96.851105,614)
3,2,5,2,0,0,217,2338,1687,180,-1.0,
4,2,5,2,1,0,217,2338,1685,38,-1.0,
5,2,5,2,1,1,217,2339,75,28,96.020279,Oct.
5,2,5,2,1,2,319,2344,38,28,58.817371,27.
5,2,5,2,1,3,413,2338,123,30,92.50985,Decree
5,2,5,2,1,4,557,2348,54,20,95.683167,no.
5,2,5,2,1,5,637,2346,128,30,96.113243,"50,720,"
5,2,5,2,1,6,789,2344,35,26,96.444565,to
5,2,5,2,1,7,845,2340,124,30,96.2911,amend
5,2,5,2,1,8,991,2339,129,29,96.484833,section
5,2,5,2,1,9,1143,2339,16,28,96.855682,8
5,2,5,2,1,10,1181,2342,35,26,96.374237,of
5,2,5,2,1,11,1237,2340,56,28,96.374237,the
5,2,5,2,1,12,1317,2339,124,29,96.800949,Decree
5,2,5,2,1,13,1463,2340,34,27,95.918549,of
5,2,5,2,1,14,1519,2339,68,29,93.413315,2nd
5,2,5,2,1,15,1611,2338,171,37,96.698822,"January,"
5,2,5,2,1,16,1807,2348,95,28,95.225754,"1913,"
4,2,5,2,2,0,411,2386,1493,38,-1.0,
5,2,5,2,2,1,411,2386,129,36,96.233727,issuing
5,2,5,2,2,2,559,2387,208,37,96.129417,regulations
5,2,5,2,2,3,789,2388,107,28,96.263329,under
5,2,5,2,2,4,916,2387,65,29,96.844231,Act
5,2,5,2,2,5,1003,2395,54,21,96.390007,no.
5,2,5,2,2,6,1080,2386,83,37,90.591202,8999
5,2,5,2,2,7,1184,2387,48,36,93.774681,[of
5,2,5,2,2,8,1253,2387,79,36,95.136314,30th
5,2,5,2,2,9,1357,2387,210,36,95.598778,"September,"
5,2,5,2,2,10,1593,2395,95,27,93.779221,"1912,"
5,2,5,2,2,11,1710,2387,194,37,96.140137,respecting
4,2,5,2,3,0,413,2434,1490,37,-1.0,
5,2,5,2,3,1,413,2434,56,28,96.119675,the
5,2,5,2,3,2,490,2435,233,35,95.737167,organisation
5,2,5,2,3,3,745,2435,36,28,95.938965,of
5,2,5,2,3,4,804,2436,55,28,96.331161,the
5,2,5,2,3,5,883,2434,162,29,96.372879,National
5,2,5,2,3,6,1069,2434,135,29,96.748123,Labour
5,2,5,2,3,7,1227,2435,241,36,96.402214,Department:
5,2,5,2,3,8,1492,2434,271,36,96.514839,reorganisation
5,2,5,2,3,9,1787,2436,35,27,96.8228,of
5,2,5,2,3,10,1845,2435,58,28,97.011337,the
4,2,5,2,4,0,413,2480,1200,38,-1.0,
5,2,5,2,4,1,413,2480,134,31,95.573746,Labour
5,2,5,2,4,2,576,2482,173,30,96.348267,Statistics
5,2,5,2,4,3,779,2482,174,36,92.785027,Services].
5,2,5,2,4,4,995,2482,94,36,91.315186,(B.O.
5,2,5,2,4,5,1120,2490,92,28,92.988358,"1935,"
5,2,5,2,4,6,1239,2491,54,20,96.108002,no.
5,2,5,2,4,7,1323,2487,128,30,93.149742,"12,177,"
5,2,5,2,4,8,1477,2491,31,27,90.505707,p.
5,2,5,2,4,9,1537,2482,76,36,96.812569,613)
3,2,5,3,0,0,217,2528,1687,228,-1.0,
4,2,5,3,1,0,217,2528,1686,38,-1.0,
5,2,5,3,1,1,217,2528,87,28,96.433487,Nov.
5,2,5,3,1,2,333,2538,36,26,70.948914,13
5,2,5,3,1,3,413,2528,123,30,95.159119,Decree
5,2,5,3,1,4,559,2538,54,20,96.137489,no.
5,2,5,3,1,5,641,2538,127,28,96.299515,"51,459,"
5,2,5,3,1,6,793,2534,36,25,96.270073,to
5,2,5,3,1,7,850,2530,87,29,96.541267,issue
5,2,5,3,1,8,959,2528,208,38,95.865532,regulations
5,2,5,3,1,9,1188,2530,107,29,96.703369,under
5,2,5,3,1,10,1315,2530,66,28,96.715637,Act
5,2,5,3,1,11,1403,2538,54,20,96.554893,no.
5,2,5,3,1,12,1480,2531,81,33,96.406815,4661
5,2,5,3,1,13,1587,2528,48,36,94.086777,fof
5,2,5,3,1,14,1659,2532,73,32,83.804619,31st
5,2,5,3,1,15,1755,2530,148,36,96.320435,"August,"
4,2,5,3,2,0,414,2574,1490,40,-1.0,
5,2,5,3,2,1,414,2584,93,30,95.755974,"1905,"
5,2,5,3,2,2,520,2576,192,38,95.755974,respecting
5,2,5,3,2,3,728,2578,140,36,93.29303,Sunday
5,2,5,3,2,4,883,2574,109,38,65.085167,"rest’],"
5,2,5,3,2,5,1005,2576,66,30,96.413139,Act
5,2,5,3,2,6,1086,2586,54,20,96.390251,no.
5,2,5,3,2,7,1159,2579,114,35,96.281799,"11,640"
5,2,5,3,2,8,1287,2576,46,36,96.650352,[of
5,2,5,3,2,9,1349,2576,58,35,96.903091,7th
5,2,5,3,2,10,1423,2576,158,36,96.151176,"October,"
5,2,5,3,2,11,1600,2586,95,26,96.66745,"1932,"
5,2,5,3,2,12,1709,2575,195,39,96.619118,respecting
4,2,5,3,3,0,414,2620,1490,40,-1.0,
5,2,5,3,3,1,414,2623,170,37,95.798317,Saturday
5,2,5,3,3,2,612,2626,178,28,93.301575,afternoon
5,2,5,3,3,3,818,2620,115,40,74.283127,rest!4]
5,2,5,3,3,4,963,2624,66,30,96.166115,and
5,2,5,3,3,5,1056,2624,67,28,95.671692,Act
5,2,5,3,3,6,1150,2634,53,20,95.671692,no.
5,2,5,3,3,7,1236,2634,113,26,94.697556,"11,544"
5,2,5,3,3,8,1377,2624,48,36,96.533394,[of
5,2,5,3,3,9,1455,2624,77,30,90.535416,12th
5,2,5,3,3,10,1564,2624,213,36,96.41346,"September,"
5,2,5,3,3,11,1808,2634,96,26,96.291924,"1929,"
4,2,5,3,4,0,412,2668,1492,40,-1.0,
5,2,5,3,4,1,412,2671,189,37,95.698517,respecting
5,2,5,3,4,2,631,2672,101,28,96.049156,hours
5,2,5,3,4,3,760,2674,35,26,93.198059,of
5,2,5,3,4,4,823,2668,122,40,30.753525,work?]
5,2,5,3,4,5,976,2674,51,26,96.365936,for
5,2,5,3,4,6,1055,2671,113,37,96.946304,public
5,2,5,3,4,7,1196,2672,284,31,96.547783,entertainments
5,2,5,3,4,8,1511,2672,176,36,93.291351,"(theatres,"
5,2,5,3,4,9,1716,2671,188,31,92.678986,cinemato-
4,2,5,3,5,0,411,2719,1048,37,-1.0,
5,2,5,3,5,1,411,2719,134,37,96.452621,"graphs,"
5,2,5,3,5,2,575,2720,134,35,96.132195,variety
5,2,5,3,5,3,740,2719,175,37,68.705017,theatres}.
5,2,5,3,5,4,959,2719,94,36,90.888145,(B.O.
5,2,5,3,5,5,1083,2728,53,20,96.731613,no.
5,2,5,3,5,6,1168,2730,127,26,91.132294,"12,134,"
5,2,5,3,5,7,1321,2730,35,26,86.589615,p.
5,2,5,3,5,8,1385,2719,74,37,96.950111,865)
3,2,5,4,0,0,217,2766,1686,85,-1.0,
4,2,5,4,1,0,217,2766,1686,38,-1.0,
5,2,5,4,1,1,217,2766,79,30,95.307816,Dec.
5,2,5,4,1,2,326,2775,35,27,94.607613,15
5,2,5,4,1,3,414,2767,123,29,94.607613,Decree
5,2,5,4,1,4,571,2776,54,20,94.700188,no.
5,2,5,4,1,5,661,2775,128,28,96.742424,"53,349,"
5,2,5,4,1,6,821,2767,195,37,96.742249,respecting
5,2,5,4,1,7,1044,2767,181,29,96.607231,statistical
5,2,5,4,1,8,1256,2771,133,27,96.369125,returns
5,2,5,4,1,9,1421,2770,35,26,96.880264,of
5,2,5,4,1,10,1488,2767,229,36,96.036621,unemployed
5,2,5,4,1,11,1751,2775,152,28,96.036621,persons.
4,2,5,4,2,0,414,2814,498,37,-1.0,
5,2,5,4,2,1,414,2814,97,37,83.200165,(B.O.
5,2,5,4,2,2,536,2823,56,21,95.706085,no.
5,2,5,4,2,3,623,2822,129,28,95.313599,"12,155,"
5,2,5,4,2,4,779,2824,30,27,51.925919,Pp.
5,2,5,4,2,5,837,2815,75,36,96.820435,657)
3,2,5,5,0,0,218,2860,1686,134,-1.0,
4,2,5,5,1,0,218,2860,1685,39,-1.0,
5,2,5,5,1,1,218,2860,79,30,94.209709,Dec.
5,2,5,5,1,2,326,2870,35,26,92.063538,15
5,2,5,5,1,3,413,2862,123,29,92.063538,Decree
5,2,5,5,1,4,559,2872,56,20,95.880684,no.
5,2,5,5,1,5,640,2868,129,31,95.917801,"53,350,"
5,2,5,5,1,6,793,2866,36,25,95.882202,to
5,2,5,5,1,7,849,2863,88,29,96.361206,issue
5,2,5,5,1,8,961,2862,274,29,96.23027,administrative
5,2,5,5,1,9,1256,2862,207,37,96.460587,regulations
5,2,5,5,1,10,1484,2862,108,29,96.643349,under
5,2,5,5,1,11,1615,2862,65,28,96.338768,Act
5,2,5,5,1,12,1704,2870,55,20,96.147163,no.
5,2,5,5,1,13,1787,2862,116,36,95.976532,"11,837"
4,2,5,5,2,0,412,2908,1492,39,-1.0,
5,2,5,5,2,1,412,2910,48,36,80.318321,[of
5,2,5,5,2,2,486,2910,79,29,94.559914,16th
5,2,5,5,2,3,595,2910,102,36,96.531548,"June,"
5,2,5,5,2,4,727,2916,92,30,94.920563,"1934,"
5,2,5,5,2,5,846,2910,190,37,93.298225,respecting
5,2,5,5,2,6,1060,2910,228,37,92.866554,shop-closing
5,2,5,5,2,7,1313,2911,102,28,96.915901,hours
5,2,5,5,2,8,1439,2910,33,28,96.346535,in
5,2,5,5,2,9,1499,2911,57,27,96.346535,the
5,2,5,5,2,10,1583,2908,142,31,96.452019,Federal
5,2,5,5,2,11,1751,2908,153,38,90.707291,capital].
4,2,5,5,3,0,414,2956,485,38,-1.0,
5,2,5,5,3,1,414,2956,95,36,82.005516,(B.O.
5,2,5,5,3,2,532,2966,56,21,95.882858,no.
5,2,5,5,3,3,616,2966,128,28,93.286896,"12,155,"
5,2,5,5,3,4,767,2967,33,27,92.218315,p.
5,2,5,5,3,5,824,2956,75,36,96.689476,658)
3,2,5,6,0,0,220,3002,1684,182,-1.0,
4,2,5,6,1,0,220,3002,1684,40,-1.0,
5,2,5,6,1,1,220,3002,77,30,95.220016,Dec.
5,2,5,6,1,2,326,3012,36,27,92.324165,15
5,2,5,6,1,3,414,3004,122,30,92.324165,Decree
5,2,5,6,1,4,555,3014,54,20,95.524651,no.
5,2,5,6,1,5,631,3014,113,28,95.524651,"53,351"
5,2,5,6,1,6,764,3004,121,36,92.394348,[under
5,2,5,6,1,7,904,3006,13,34,93.172089,§
5,2,5,6,1,8,936,3006,60,28,93.245193,160
5,2,5,6,1,9,1015,3004,53,36,93.015297,(B)
5,2,5,6,1,10,1088,3006,35,26,96.189003,of
5,2,5,6,1,11,1140,3004,56,30,95.779282,the
5,2,5,6,1,12,1213,3003,219,31,96.035889,Commercial
5,2,5,6,1,13,1448,3003,100,36,96.145081,"Code,"
5,2,5,6,1,14,1568,3006,43,26,96.542107,cf.
5,2,5,6,1,15,1625,3004,68,28,92.840073,Act
5,2,5,6,1,16,1712,3010,192,29,8.060959,"no.<r1,729"
4,2,5,6,2,0,412,3051,1492,39,-1.0,
5,2,5,6,2,1,412,3054,35,28,96.032402,of
5,2,5,6,2,2,469,3055,74,25,96.639725,21st
5,2,5,6,2,3,569,3054,200,36,96.789589,September
5,2,5,6,2,4,792,3052,135,36,51.179649,"above],"
5,2,5,6,2,5,951,3055,34,25,96.946091,to
5,2,5,6,2,6,1008,3055,51,28,96.199532,set
5,2,5,6,2,7,1083,3060,44,28,96.799965,up
5,2,5,6,2,8,1148,3051,34,31,96.698898,in
5,2,5,6,2,9,1207,3055,56,27,96.046722,the
5,2,5,6,2,10,1285,3051,164,29,96.569832,National
5,2,5,6,2,11,1472,3051,136,29,96.617577,Labour
5,2,5,6,2,12,1633,3051,231,37,95.807938,Department
5,2,5,6,2,13,1887,3062,17,18,95.807938,a
4,2,5,6,3,0,413,3098,1490,38,-1.0,
5,2,5,6,3,1,413,3100,126,28,96.672783,service
5,2,5,6,3,2,568,3100,52,30,96.591988,for
5,2,5,6,3,3,649,3100,56,30,96.710693,the
5,2,5,6,3,4,735,3099,173,37,96.710693,stamping
5,2,5,6,3,5,936,3100,68,28,96.620636,and
5,2,5,6,3,6,1031,3100,86,30,96.224304,issue
5,2,5,6,3,7,1145,3100,36,28,96.778732,of
5,2,5,6,3,8,1207,3100,156,36,96.128738,registers
5,2,5,6,3,9,1392,3103,36,25,96.128738,to
5,2,5,6,3,10,1455,3098,217,30,95.85054,commercial
5,2,5,6,3,11,1700,3099,203,37,96.511803,employers.
4,2,5,6,4,0,416,3147,496,37,-1.0,
5,2,5,6,4,1,416,3147,96,35,73.797768,(B.O.
5,2,5,6,4,2,539,3156,54,22,95.254486,no.
5,2,5,6,4,3,624,3156,128,28,91.683517,"12,155,"
5,2,5,6,4,4,779,3158,32,26,86.38768,p.
5,2,5,6,4,5,837,3147,75,37,95.18425,659)
3,2,5,7,0,0,220,3204,436,38,-1.0,
4,2,5,7,1,0,220,3204,436,38,-1.0,
5,2,5,7,1,1,220,3204,79,29,65.084915,B.O.
5,2,5,7,1,2,320,3218,29,9,93.140869,=
5,2,5,7,1,3,375,3204,124,30,91.625854,Boletin
5,2,5,7,1,4,522,3206,134,36,94.229683,Oficial.
2,2,6,0,0,0,177,3272,1727,91,-1.0,
3,2,6,1,0,0,177,3272,1727,91,-1.0,
4,2,6,1,1,0,217,3272,1687,43,-1.0,
5,2,6,1,1,1,217,3272,14,21,47.451458,®§
5,2,6,1,1,2,257,3276,72,29,89.386612,L.S.
5,2,6,1,1,3,352,3285,79,28,95.726189,1935
5,2,6,1,1,4,452,3276,80,36,95.535294,(Int.
5,2,6,1,1,5,550,3278,45,36,93.294365,4).
5,2,6,1,1,6,619,3295,44,3,91.932915,—
5,2,6,1,1,7,685,3274,14,20,44.733662,9
5,2,6,1,1,8,717,3278,74,29,83.620995,L.S.
5,2,6,1,1,9,813,3286,80,29,95.667404,1934
5,2,6,1,1,10,915,3278,80,36,95.700935,(Int.
5,2,6,1,1,11,1017,3276,63,37,34.130714,rr).
5,2,6,1,1,12,1103,3294,42,3,89.292503,—
5,2,6,1,1,13,1167,3274,29,21,71.841644,19
5,2,6,1,1,14,1220,3278,73,28,89.477348,L.S.
5,2,6,1,1,15,1323,3286,80,28,96.411942,1935
5,2,6,1,1,16,1431,3278,80,36,95.410995,(Int.
5,2,6,1,1,17,1537,3276,44,37,93.285873,2).
5,2,6,1,1,18,1605,3294,44,4,91.217094,—
5,2,6,1,1,19,1675,3274,30,20,44.23629,!
5,2,6,1,1,20,1725,3276,77,30,20.605843,LS.
5,2,6,1,1,21,1823,3286,81,28,93.834984,1924
4,2,6,1,2,0,177,3320,1727,43,-1.0,
5,2,6,1,2,1,177,3323,90,38,96.119942,(Arg.
5,2,6,1,2,2,289,3324,42,37,92.503532,1).
5,2,6,1,2,3,346,3342,43,3,91.991364,—
5,2,6,1,2,4,406,3320,31,21,73.675613,22
5,2,6,1,2,5,456,3323,72,30,88.295662,L.S.
5,2,6,1,2,6,549,3332,83,30,96.341881,1934
5,2,6,1,2,7,653,3324,91,38,95.08313,(Arg.
5,2,6,1,2,8,764,3334,29,28,91.467064,"2,"
5,2,6,1,2,9,812,3324,48,38,87.53743,C).
5,2,6,1,2,10,885,3342,42,3,88.427856,—
5,2,6,1,2,11,945,3320,31,22,49.280743,1°
5,2,6,1,2,12,995,3324,73,30,61.232296,L.S.
5,2,6,1,2,13,1091,3333,80,29,96.505005,1934
5,2,6,1,2,14,1192,3326,89,37,96.505005,(Arg.
5,2,6,1,2,15,1300,3335,29,27,93.256134,"2,"
5,2,6,1,2,16,1351,3326,53,36,87.118065,D).
5,2,6,1,2,17,1421,3342,43,4,86.856102,—-
5,2,6,1,2,18,1484,3322,28,20,65.705933,14
5,2,6,1,2,19,1532,3324,75,30,83.604012,L.S.
5,2,6,1,2,20,1637,3332,82,30,96.089775,1932
5,2,6,1,2,21,1747,3324,92,38,94.68322,(Arg.
5,2,6,1,2,22,1859,3325,45,37,94.484291,2).
1,3,0,0,0,0,0,0,2370,3663,-1.0,
2,3,1,0,0,0,1203,260,963,48,-1.0,
3,3,1,1,0,0,1203,260,963,48,-1.0,
4,3,1,1,1,0,1203,260,963,48,-1.0,
5,3,1,1,1,1,1203,260,209,40,59.374947,—6—
5,3,1,1,1,2,2054,269,112,39,91.533493,(756)
2,3,2,0,0,0,436,389,1012,54,-1.0,
3,3,2,1,0,0,436,389,1012,54,-1.0,
4,3,2,1,1,0,436,389,1012,54,-1.0,
5,3,2,1,1,1,436,389,373,42,96.586739,ARGENTINE
5,3,2,1,1,2,840,390,312,41,96.476982,REPUBLIC
5,3,2,1,1,3,1184,389,264,54,96.12925,(continued)
2,3,3,0,0,0,439,494,996,81,-1.0,
3,3,3,1,0,0,439,494,996,81,-1.0,
4,3,3,1,1,0,1183,494,252,31,-1.0,
5,3,3,1,1,1,1183,494,252,31,95.878693,PROVINCES
4,3,3,1,2,0,439,540,188,35,-1.0,
5,3,3,1,2,1,439,540,114,35,96.544495,Santa
5,3,3,1,2,2,583,541,44,34,96.37545,Fe
2,3,4,0,0,0,480,604,1695,133,-1.0,
3,3,4,1,0,0,480,604,1695,133,-1.0,
4,3,4,1,1,0,480,604,1695,40,-1.0,
5,3,4,1,1,1,480,604,91,29,94.929947,Nov.
5,3,4,1,1,2,599,613,40,20,92.396156,20
5,3,4,1,1,3,680,604,128,31,92.396156,Decree
5,3,4,1,1,4,837,613,56,20,95.160744,no.
5,3,4,1,1,5,928,610,72,30,95.160744,"173,"
5,3,4,1,1,6,1032,608,36,25,95.394852,to
5,3,4,1,1,7,1095,604,88,31,95.394852,issue
5,3,4,1,1,8,1209,605,190,36,95.969444,provincial
5,3,4,1,1,9,1427,606,208,37,96.391762,regulations
5,3,4,1,1,10,1664,606,108,31,96.051071,under
5,3,4,1,1,11,1799,606,65,29,96.212524,Act
5,3,4,1,1,12,1893,616,55,20,95.523605,no.
5,3,4,1,1,13,1983,616,116,28,95.523605,"11,544"
5,3,4,1,1,14,2126,608,49,36,96.715485,[of
4,3,4,1,2,0,683,649,1491,42,-1.0,
5,3,4,1,2,1,683,653,82,28,27.829437,12th
5,3,4,1,2,2,787,650,213,39,96.585892,"September,"
5,3,4,1,2,3,1024,661,92,27,96.489456,"1929,"
5,3,4,1,2,4,1136,653,191,36,96.197861,respecting
5,3,4,1,2,5,1345,654,57,30,96.365303,the
5,3,4,1,2,6,1421,653,93,36,96.242088,eight
5,3,4,1,2,7,1534,654,85,30,93.287781,hour
5,3,4,1,2,8,1636,649,111,40,53.943855,day?].
5,3,4,1,2,9,1780,653,150,38,91.514137,(Boletin
5,3,4,1,2,10,1948,653,154,32,92.652832,Mensual
5,3,4,1,2,11,2120,656,54,29,96.72773,del
4,3,4,1,3,0,681,698,1051,39,-1.0,
5,3,4,1,3,1,681,698,278,38,95.92968,Departamento
5,3,4,1,3,2,984,698,192,31,96.44603,Provincial
5,3,4,1,3,3,1200,700,54,29,96.248863,del
5,3,4,1,3,4,1276,700,160,37,96.709671,"Trabajo,"
5,3,4,1,3,5,1463,709,54,20,96.906647,no.
5,3,4,1,3,6,1546,709,28,27,93.29187,"5,"
5,3,4,1,3,7,1598,709,34,28,92.973457,p.
5,3,4,1,3,8,1662,701,70,36,96.587746,136)
2,3,5,0,0,0,437,813,1066,100,-1.0,
3,3,5,1,0,0,437,813,1066,100,-1.0,
4,3,5,1,1,0,437,813,360,40,-1.0,
5,3,5,1,1,1,437,813,360,40,96.609039,AUSTRALIA
4,3,5,1,2,0,1116,883,387,30,-1.0,
5,3,5,1,2,1,1116,883,387,30,95.819618,COMMONWEALTH
2,3,6,0,0,0,481,967,1698,2116,-1.0,
3,3,6,1,0,0,483,967,1691,86,-1.0,
4,3,6,1,1,0,483,967,1691,41,-1.0,
5,3,6,1,1,1,483,969,81,36,91.306076,Jan.
5,3,6,1,1,2,591,977,40,27,94.744667,25
5,3,6,1,1,3,681,968,235,29,94.744667,Amendment
5,3,6,1,1,4,940,969,36,28,96.284615,of
5,3,6,1,1,5,999,967,101,30,96.071991,Form
5,3,6,1,1,6,1123,973,41,30,95.890785,47
5,3,6,1,1,7,1185,968,35,28,96.063606,in
5,3,6,1,1,8,1244,968,56,29,96.560013,the
5,3,6,1,1,9,1325,968,223,37,96.240295,Regulations
5,3,6,1,1,10,1572,969,107,30,96.470413,under
5,3,6,1,1,11,1702,969,57,30,96.64225,the
5,3,6,1,1,12,1783,969,135,31,96.535843,Invalid
5,3,6,1,1,13,1940,971,70,29,93.299736,and
5,3,6,1,1,14,2031,969,143,39,92.613831,Old-age
4,3,6,1,2,0,681,1009,1031,44,-1.0,
5,3,6,1,2,1,681,1015,166,30,96.543465,Pensions
5,3,6,1,2,2,871,1015,67,29,93.17392,Act
5,3,6,1,2,3,964,1009,262,42,69.385727,1908—1933!5.
5,3,6,1,2,4,1264,1013,132,38,90.753525,(C.S.R.
5,3,6,1,2,5,1421,1024,55,20,96.020668,no.
5,3,6,1,2,6,1506,1025,49,27,93.288368,"12,"
5,3,6,1,2,7,1579,1025,33,28,92.715973,p.
5,3,6,1,2,8,1639,1016,73,36,96.213463,338)
3,3,6,2,0,0,481,1060,1693,88,-1.0,
4,3,6,2,1,0,481,1060,1693,41,-1.0,
5,3,6,2,1,1,481,1063,87,29,95.882912,Mar.
5,3,6,2,1,2,603,1072,7,19,33.855415,x
5,3,6,2,1,3,681,1060,236,32,89.32933,Amendment
5,3,6,2,1,4,949,1061,35,30,97.007278,of
5,3,6,2,1,5,1019,1061,221,38,96.418129,Regulations
5,3,6,2,1,6,1272,1071,19,26,95.895805,9
5,3,6,2,1,7,1324,1063,68,29,95.895805,and
5,3,6,2,1,8,1426,1071,41,20,90.130852,10
5,3,6,2,1,9,1499,1063,35,29,95.323936,of
5,3,6,2,1,10,1566,1063,57,29,96.646713,the
5,3,6,2,1,11,1656,1063,210,38,95.461517,Navigation
5,3,6,2,1,12,1899,1063,177,38,96.749405,(Manning
5,3,6,2,1,13,2107,1065,67,30,96.955635,and
4,3,6,2,2,0,681,1107,1426,41,-1.0,
5,3,6,2,2,1,681,1107,325,37,96.202423,Accommodation)
5,3,6,2,2,2,1039,1108,221,37,96.479919,Regulations
5,3,6,2,2,3,1287,1108,153,37,91.222824,[amends
5,3,6,2,2,4,1470,1109,132,38,92.860229,tables].
5,3,6,2,2,5,1644,1109,134,38,92.4972,(C.S.R.
5,3,6,2,2,6,1806,1119,56,21,94.717506,no.
5,3,6,2,2,7,1891,1119,52,28,93.265739,"31,"
5,3,6,2,2,8,1971,1120,35,28,92.203506,p.
5,3,6,2,2,9,2034,1111,73,36,96.55304,331)
3,3,6,3,0,0,483,1155,1691,86,-1.0,
4,3,6,3,1,0,483,1155,1691,40,-1.0,
5,3,6,3,1,1,483,1156,84,29,94.80043,Mar.
5,3,6,3,1,2,607,1161,6,30,86.823311,7
5,3,6,3,1,3,682,1156,234,29,86.823311,Amendment
5,3,6,3,1,4,948,1157,36,28,96.22821,of
5,3,6,3,1,5,1015,1156,56,29,96.606079,the
5,3,6,3,1,6,1100,1156,191,29,96.791725,Waterside
5,3,6,3,1,7,1320,1155,158,30,96.437798,Workers
5,3,6,3,1,8,1511,1156,221,39,95.554817,Regulations
5,3,6,3,1,9,1762,1159,109,29,96.885216,under
5,3,6,3,1,10,1900,1157,58,31,96.76049,the
5,3,6,3,1,11,1988,1159,186,36,96.439354,Transport
4,3,6,3,2,0,680,1199,1015,42,-1.0,
5,3,6,3,2,1,680,1203,163,29,96.493782,Workers
5,3,6,3,2,2,865,1203,67,29,93.228134,Act
5,3,6,3,2,3,957,1199,261,40,20.94825,1928—1929)®.
5,3,6,3,2,4,1255,1201,132,38,89.734024,(C.S.R.
5,3,6,3,2,5,1409,1212,55,20,95.572556,no.
5,3,6,3,2,6,1490,1213,50,27,93.263275,"29,"
5,3,6,3,2,7,1564,1213,32,28,92.244637,p.
5,3,6,3,2,8,1622,1204,73,36,96.854553,332)
3,3,6,4,0,0,482,1249,1693,132,-1.0,
4,3,6,4,1,0,482,1249,1692,39,-1.0,
5,3,6,4,1,1,482,1251,82,34,95.855545,May
5,3,6,4,1,2,592,1251,37,28,91.181641,16
5,3,6,4,1,3,681,1251,235,29,91.181641,Amendment
5,3,6,4,1,4,937,1249,37,31,96.499657,of
5,3,6,4,1,5,993,1249,58,30,96.722481,the
5,3,6,4,1,6,1072,1249,222,38,96.272614,Regulations
5,3,6,4,1,7,1315,1251,107,30,95.699966,under
5,3,6,4,1,8,1443,1251,56,29,96.902901,the
5,3,6,4,1,9,1520,1251,135,30,96.427399,Invalid
5,3,6,4,1,10,1676,1252,67,29,93.29287,and
5,3,6,4,1,11,1763,1252,143,36,89.98893,Old-age
5,3,6,4,1,12,1927,1252,163,31,96.310326,Pensions
5,3,6,4,1,13,2109,1252,65,29,96.610619,Act
4,3,6,4,2,0,684,1292,1491,44,-1.0,
5,3,6,4,2,1,684,1292,254,41,1.558144,1908—19331°
5,3,6,4,2,2,953,1297,211,38,96.383224,[supersedes
5,3,6,4,2,3,1183,1297,100,30,96.394531,Form
5,3,6,4,2,4,1300,1307,40,26,96.577904,23
5,3,6,4,2,5,1359,1297,144,38,96.610794,(income
5,3,6,4,2,6,1522,1299,66,29,95.424835,and
5,3,6,4,2,7,1604,1303,166,33,93.295265,property
5,3,6,4,2,8,1784,1300,228,36,89.602425,statement)].
5,3,6,4,2,9,2043,1297,132,38,89.602425,(C.S.R.
4,3,6,4,3,0,680,1344,295,37,-1.0,
5,3,6,4,3,1,680,1353,57,20,95.59053,no.
5,3,6,4,3,2,764,1353,52,27,93.273643,"59,"
5,3,6,4,3,3,840,1353,35,28,77.286865,p-
5,3,6,4,3,4,900,1344,75,36,96.672623,338)
3,3,6,5,0,0,484,1391,1690,86,-1.0,
4,3,6,5,1,0,484,1391,1690,38,-1.0,
5,3,6,5,1,1,484,1392,85,36,56.291142,July
5,3,6,5,1,2,593,1400,19,27,78.155655,4
5,3,6,5,1,3,682,1392,235,29,71.038406,Amendment
5,3,6,5,1,4,940,1392,36,28,96.511559,of
5,3,6,5,1,5,1000,1391,204,37,96.029678,Regulation
5,3,6,5,1,6,1228,1400,39,27,96.553864,14
5,3,6,5,1,7,1289,1391,37,29,95.383118,of
5,3,6,5,1,8,1348,1392,55,31,96.371178,the
5,3,6,5,1,9,1429,1392,222,37,96.348618,Regulations
5,3,6,5,1,10,1675,1393,107,30,95.874825,under
5,3,6,5,1,11,1806,1393,56,30,94.460068,the
5,3,6,5,1,12,1884,1392,290,31,95.205093,Commonwealth
4,3,6,5,2,0,681,1435,1253,42,-1.0,
5,3,6,5,2,1,681,1437,219,38,96.544052,Employees’
5,3,6,5,2,2,927,1437,269,38,96.5345,Compensation
5,3,6,5,2,3,1219,1439,67,29,96.734337,Act
5,3,6,5,2,4,1311,1435,128,40,54.673805,19301’.
5,3,6,5,2,5,1479,1439,133,37,92.425514,(C.S.R.
5,3,6,5,2,6,1639,1448,55,20,96.078392,no.
5,3,6,5,2,7,1720,1445,52,31,93.280083,"79,"
5,3,6,5,2,8,1796,1449,36,28,90.339386,p.
5,3,6,5,2,9,1859,1440,75,36,96.760612,416)
3,3,6,6,0,0,482,1491,1697,132,-1.0,
4,3,6,6,1,0,482,1491,1695,38,-1.0,
5,3,6,6,1,1,482,1492,89,36,68.579178,Aug.
5,3,6,6,1,2,591,1500,15,19,38.734898,I
5,3,6,6,1,3,682,1492,68,29,95.92865,Act
5,3,6,6,1,4,767,1500,54,20,96.23288,no.
5,3,6,6,1,5,843,1493,52,34,89.926323,"16,"
5,3,6,6,1,6,913,1495,38,26,96.749695,to
5,3,6,6,1,7,965,1491,145,38,96.639359,provide
5,3,6,6,1,8,1126,1491,94,30,96.171112,relief
5,3,6,6,1,9,1238,1495,37,25,96.054283,to
5,3,6,6,1,10,1291,1495,200,34,96.054283,taxpayers;
5,3,6,6,1,11,1510,1496,36,25,95.666679,to
5,3,6,6,1,12,1563,1492,124,29,96.906883,amend
5,3,6,6,1,13,1703,1492,80,29,94.971169,laws
5,3,6,6,1,14,1799,1492,148,37,95.578476,relating
5,3,6,6,1,15,1963,1496,39,27,96.274307,to
5,3,6,6,1,16,2015,1493,162,30,96.274307,financial
4,3,6,6,2,0,681,1537,1498,40,-1.0,
5,3,6,6,2,1,681,1547,220,28,95.80265,emergency;
5,3,6,6,2,2,924,1541,36,26,96.685272,to
5,3,6,6,2,3,978,1539,142,36,96.529175,provide
5,3,6,6,2,4,1139,1537,163,31,96.45652,financial
5,3,6,6,2,5,1319,1539,95,30,96.504311,relief
5,3,6,6,2,6,1431,1537,53,31,96.678398,for
5,3,6,6,2,7,1502,1540,129,29,96.398407,certain
5,3,6,6,2,8,1648,1540,152,36,96.238686,primary
5,3,6,6,2,9,1819,1540,200,37,96.343323,producers;
5,3,6,6,2,10,2040,1540,67,29,96.512016,and
5,3,6,6,2,11,2126,1541,53,28,96.943527,for
4,3,6,6,3,0,683,1584,1492,39,-1.0,
5,3,6,6,3,1,683,1585,98,30,96.23423,other
5,3,6,6,3,2,803,1593,167,30,96.541306,purposes
5,3,6,6,3,3,991,1584,95,37,96.431755,[Part
5,3,6,6,3,4,1109,1585,67,36,96.182846,"III,"
5,3,6,6,3,5,1200,1587,187,36,95.55484,maternity
5,3,6,6,3,6,1408,1585,224,38,95.828247,allowances].
5,3,6,6,3,7,1663,1586,184,30,95.828247,Financial
5,3,6,6,3,8,1870,1587,106,36,95.410362,Relief
5,3,6,6,3,9,1997,1587,62,29,96.344467,Act
5,3,6,6,3,10,2080,1595,95,28,96.268013,1934.
3,3,6,7,0,0,483,1639,1692,84,-1.0,
4,3,6,7,1,0,483,1639,1692,36,-1.0,
5,3,6,7,1,1,483,1640,88,35,95.43895,Aug.
5,3,6,7,1,2,589,1647,19,26,96.937477,4
5,3,6,7,1,3,683,1639,65,29,96.347366,Act
5,3,6,7,1,4,768,1647,56,20,96.22068,no.
5,3,6,7,1,5,844,1648,52,27,95.823669,"39,"
5,3,6,7,1,6,919,1643,36,25,96.06456,to
5,3,6,7,1,7,972,1641,100,34,95.482231,grant
5,3,6,7,1,8,1092,1639,68,29,95.482231,and
5,3,6,7,1,9,1176,1639,107,36,95.887627,apply
5,3,6,7,1,10,1299,1643,61,25,95.887627,out
5,3,6,7,1,11,1377,1639,37,30,96.308952,of
5,3,6,7,1,12,1431,1639,57,29,96.496063,the
5,3,6,7,1,13,1507,1639,240,30,95.906235,Consolidated
5,3,6,7,1,14,1768,1641,162,30,96.278465,Revenue
5,3,6,7,1,15,1948,1641,99,30,96.484367,Fund
5,3,6,7,1,16,2066,1649,18,20,93.884941,a
5,3,6,7,1,17,2100,1649,75,20,93.884941,sum
4,3,6,7,2,0,683,1685,672,38,-1.0,
5,3,6,7,2,1,683,1687,53,28,96.601089,for
5,3,6,7,2,2,763,1685,132,30,96.556084,invalid
5,3,6,7,2,3,925,1685,69,31,95.666451,and
5,3,6,7,2,4,1023,1685,133,38,95.666451,old-age
5,3,6,7,2,5,1184,1687,171,34,96.514664,pensions.
3,3,6,8,0,0,484,1737,1693,132,-1.0,
4,3,6,8,1,0,484,1737,1693,39,-1.0,
5,3,6,8,1,1,484,1740,88,35,95.843544,Aug.
5,3,6,8,1,2,599,1740,18,28,87.331894,6
5,3,6,8,1,3,683,1739,66,29,91.464752,Act
5,3,6,8,1,4,768,1747,57,20,93.997643,no.
5,3,6,8,1,5,845,1748,54,27,96.389839,"45,"
5,3,6,8,1,6,920,1743,36,25,95.686821,to
5,3,6,8,1,7,975,1739,108,29,95.686821,revise
5,3,6,8,1,8,1104,1739,55,29,96.836525,the
5,3,6,8,1,9,1181,1737,138,31,96.17424,Statute
5,3,6,8,1,10,1339,1739,79,29,96.17424,Law
5,3,6,8,1,11,1435,1740,36,28,96.615219,of
5,3,6,8,1,12,1490,1739,56,30,92.03875,the
5,3,6,8,1,13,1564,1739,395,30,90.220947,Commonwealth.....
5,3,6,8,1,14,1983,1740,96,36,54.094254,[unter
5,3,6,8,1,15,2095,1740,82,36,94.313492,"alia,"
4,3,6,8,2,0,684,1783,1493,41,-1.0,
5,3,6,8,2,1,684,1785,143,31,96.687309,amends
5,3,6,8,2,2,851,1787,57,28,96.346939,the
5,3,6,8,2,3,929,1784,294,32,96.021088,Commonwealth
5,3,6,8,2,4,1244,1785,224,31,96.423286,Conciliation
5,3,6,8,2,5,1491,1788,67,29,96.31591,and
5,3,6,8,2,6,1578,1787,214,29,95.961945,Arbitration
5,3,6,8,2,7,1814,1788,82,28,92.521568,Acts
5,3,6,8,2,8,1922,1783,255,41,37.12912,"1904—1930}8,"
4,3,6,8,3,0,683,1832,1032,37,-1.0,
5,3,6,8,3,1,683,1835,69,29,96.715759,and
5,3,6,8,3,2,781,1833,58,30,96.715759,the
5,3,6,8,3,3,868,1833,130,30,96.492729,Pacific
5,3,6,8,3,4,1024,1832,116,31,95.64502,Island
5,3,6,8,3,5,1168,1833,188,30,96.229286,Labourers
5,3,6,8,3,6,1383,1835,65,28,93.150757,Act
5,3,6,8,3,7,1476,1833,239,36,29.747726,1g9g01—1906].
3,3,6,9,0,0,1603,1879,570,40,-1.0,
4,3,6,9,1,0,1603,1879,570,40,-1.0,
5,3,6,9,1,1,1603,1879,172,33,96.02269,Extract:
5,3,6,9,1,2,1798,1879,161,33,96.559563,Austral.
5,3,6,9,1,3,1984,1879,44,33,95.304932,15
5,3,6,9,1,4,2052,1879,121,40,95.999733,(note)
3,3,6,10,0,0,485,1927,1692,86,-1.0,
4,3,6,10,1,0,485,1927,1692,38,-1.0,
5,3,6,10,1,1,485,1928,98,37,95.988846,Sept.
5,3,6,10,1,2,622,1936,5,27,78.219833,3
5,3,6,10,1,3,683,1927,237,30,78.219833,Amendment
5,3,6,10,1,4,943,1927,36,29,96.607094,of
5,3,6,10,1,5,999,1927,104,29,95.528336,Form
5,3,6,10,1,6,1125,1932,41,31,95.528336,47
5,3,6,10,1,7,1186,1927,37,28,95.974884,in
5,3,6,10,1,8,1246,1928,58,29,95.974884,the
5,3,6,10,1,9,1328,1927,223,38,89.514137,Regulations
5,3,6,10,1,10,1572,1928,110,29,96.299644,under
5,3,6,10,1,11,1704,1929,58,30,96.961136,the
5,3,6,10,1,12,1783,1928,139,31,96.523827,Invalid
5,3,6,10,1,13,1943,1929,71,30,93.302765,and
5,3,6,10,1,14,2035,1927,142,38,92.409264,Old-age
4,3,6,10,2,0,685,1969,1053,44,-1.0,
5,3,6,10,2,1,685,1975,164,29,96.795364,Pensions
5,3,6,10,2,2,875,1975,65,29,92.568146,Act
5,3,6,10,2,3,969,1969,259,42,12.993477,1908—1933)5.
5,3,6,10,2,4,1267,1975,133,37,90.106392,(C.S.R.
5,3,6,10,2,5,1424,1984,56,20,96.15538,no.
5,3,6,10,2,6,1508,1984,72,28,93.29184,"112,"
5,3,6,10,2,7,1604,1985,34,28,92.862625,p.
5,3,6,10,2,8,1664,1976,74,36,75.786461,341)
3,3,6,11,0,0,487,2027,1687,132,-1.0,
4,3,6,11,1,0,487,2027,1687,38,-1.0,
5,3,6,11,1,1,487,2028,94,37,96.084862,Sept.
5,3,6,11,1,2,608,2036,41,21,84.84082,20
5,3,6,11,1,3,683,2027,234,30,96.401573,Amendment
5,3,6,11,1,4,936,2029,36,28,96.380531,of
5,3,6,11,1,5,989,2027,207,37,96.062126,Regulation
5,3,6,11,1,6,1215,2028,37,28,96.976517,16
5,3,6,11,1,7,1269,2028,37,28,96.477257,of
5,3,6,11,1,8,1321,2028,57,29,96.259659,the
5,3,6,11,1,9,1395,2027,209,37,96.336411,Navigation
5,3,6,11,1,10,1623,2027,108,37,96.934639,(Deck
5,3,6,11,1,11,1747,2028,108,37,96.320496,Cargo
5,3,6,11,1,12,1871,2028,68,29,96.751381,and
5,3,6,11,1,13,1958,2028,81,31,96.5056,Live
5,3,6,11,1,14,2058,2028,116,36,96.34742,Stock)
4,3,6,11,2,0,685,2073,1489,39,-1.0,
5,3,6,11,2,1,685,2075,226,37,96.478088,Regulations
5,3,6,11,2,2,939,2075,163,37,96.046387,[carriage
5,3,6,11,2,3,1129,2076,37,28,96.569138,of
5,3,6,11,2,4,1192,2083,100,29,96.700264,cargo
5,3,6,11,2,5,1328,2084,44,20,96.251404,on
5,3,6,11,2,6,1412,2073,86,31,96.67128,deck
5,3,6,11,2,7,1538,2076,68,29,95.784279,and
5,3,6,11,2,8,1646,2084,44,20,95.784279,on
5,3,6,11,2,9,1732,2076,56,29,96.142731,the
5,3,6,11,2,10,1827,2076,143,29,96.594673,hatches
5,3,6,11,2,11,2008,2077,36,28,96.746887,of
5,3,6,11,2,12,2078,2075,96,29,96.545502,small
4,3,6,11,3,0,683,2121,664,38,-1.0,
5,3,6,11,3,1,683,2121,152,36,90.592949,vessels].
5,3,6,11,3,2,873,2121,137,38,85.348755,(C.S.R.
5,3,6,11,3,3,1034,2131,55,20,94.470932,no.
5,3,6,11,3,4,1117,2131,73,28,92.173302,"119,"
5,3,6,11,3,5,1213,2131,34,28,33.044006,Pp.
5,3,6,11,3,6,1273,2123,74,36,95.727715,325)
3,3,6,12,0,0,485,2175,1692,89,-1.0,
4,3,6,12,1,0,485,2175,1692,37,-1.0,
5,3,6,12,1,1,485,2176,78,29,96.104515,Oct.
5,3,6,12,1,2,589,2175,18,29,91.095451,8
5,3,6,12,1,3,684,2175,235,30,96.414436,Amendment
5,3,6,12,1,4,933,2176,37,28,96.397446,of
5,3,6,12,1,5,984,2175,118,30,96.301285,Forms
5,3,6,12,1,6,1115,2176,29,28,96.635269,A
5,3,6,12,1,7,1159,2175,68,29,93.298019,and
5,3,6,12,1,8,1232,2171,23,46,92.791847,B
5,3,6,12,1,9,1284,2175,140,37,95.97847,(claims)
5,3,6,12,1,10,1440,2175,35,29,96.318375,in
5,3,6,12,1,11,1491,2176,56,29,96.167336,the
5,3,6,12,1,12,1563,2176,223,36,96.811256,Regulations
5,3,6,12,1,13,1800,2176,107,31,96.869095,under
5,3,6,12,1,14,1920,2176,58,29,97.004066,the
5,3,6,12,1,15,1993,2175,184,37,96.212563,Maternity
4,3,6,12,2,0,683,2223,1120,41,-1.0,
5,3,6,12,2,1,683,2223,196,29,96.495453,Allowance
5,3,6,12,2,2,904,2224,66,28,93.29142,Act
5,3,6,12,2,3,998,2231,225,28,90.334763,1912—1934.
5,3,6,12,2,4,1263,2223,132,37,90.817223,(C.S.R.
5,3,6,12,2,5,1421,2232,55,20,96.800423,no.
5,3,6,12,2,6,1506,2224,70,35,93.27903,"126,"
5,3,6,12,2,7,1600,2232,35,28,91.937004,p.
5,3,6,12,2,8,1662,2224,73,36,56.250721,352)
5,3,6,12,2,9,1798,2261,5,3,56.897034,_
3,3,6,13,0,0,484,2273,1691,87,-1.0,
4,3,6,13,1,0,484,2273,1691,40,-1.0,
5,3,6,13,1,1,484,2276,89,29,96.412422,Nov.
5,3,6,13,1,2,610,2269,46,49,62.714874,7.
5,3,6,13,1,3,683,2275,234,30,94.923477,Amendment
5,3,6,13,1,4,939,2275,36,30,95.681473,of
5,3,6,13,1,5,995,2275,57,29,95.681473,the
5,3,6,13,1,6,1073,2273,222,39,96.405624,Regulations
5,3,6,13,1,7,1316,2276,107,29,96.377777,under
5,3,6,13,1,8,1443,2276,57,29,96.282249,the
5,3,6,13,1,9,1520,2275,136,30,95.513298,Invalid
5,3,6,13,1,10,1678,2277,66,30,93.288605,and
5,3,6,13,1,11,1764,2276,143,37,92.027489,Old-age
5,3,6,13,1,12,1928,2276,163,29,96.436958,Pensions
5,3,6,13,1,13,2110,2276,65,29,96.357048,Act
4,3,6,13,2,0,684,2319,786,41,-1.0,
5,3,6,13,2,1,684,2319,266,40,0.0,1908193315.
5,3,6,13,2,2,991,2320,135,39,90.566513,(C.S.R.
5,3,6,13,2,3,1151,2332,56,20,95.461815,no.
5,3,6,13,2,4,1237,2331,71,28,93.268364,"142,"
5,3,6,13,2,5,1335,2332,33,28,91.609726,p.
5,3,6,13,2,6,1395,2323,75,36,95.467926,341)
3,3,6,14,0,0,486,2375,1691,132,-1.0,
4,3,6,14,1,0,486,2375,1691,38,-1.0,
5,3,6,14,1,1,486,2377,89,28,94.684723,Nov.
5,3,6,14,1,2,604,2385,37,27,88.090141,14
5,3,6,14,1,3,684,2376,235,29,93.568359,Amendment
5,3,6,14,1,4,951,2377,36,28,96.215332,of
5,3,6,14,1,5,1017,2375,57,30,96.378136,the
5,3,6,14,1,6,1103,2375,191,30,96.37368,Waterside
5,3,6,14,1,7,1322,2375,158,30,96.37368,Workers
5,3,6,14,1,8,1512,2375,222,38,94.038795,Regulations
5,3,6,14,1,9,1764,2376,108,31,96.345474,under
5,3,6,14,1,10,1903,2376,56,29,96.758453,the
5,3,6,14,1,11,1990,2377,187,35,96.866318,Transport
4,3,6,14,2,0,683,2419,1492,41,-1.0,
5,3,6,14,2,1,683,2423,161,29,96.108582,Workers
5,3,6,14,2,2,867,2424,66,28,93.005836,Act
5,3,6,14,2,3,958,2419,249,40,25.666389,1928—1929!®
5,3,6,14,2,4,1225,2423,87,36,86.100731,[new
5,3,6,14,2,5,1336,2424,15,35,92.404099,§
5,3,6,14,2,6,1372,2433,19,27,93.453262,9
5,3,6,14,2,7,1406,2423,41,36,96.425308,"A,"
5,3,6,14,2,8,1470,2423,68,29,95.861855,fees
5,3,6,14,2,9,1562,2428,36,25,95.976952,to
5,3,6,14,2,10,1618,2424,40,29,96.732315,be
5,3,6,14,2,11,1679,2424,81,36,96.190437,paid
5,3,6,14,2,12,1784,2428,36,25,96.824837,to
5,3,6,14,2,13,1842,2424,168,29,96.735085,members
5,3,6,14,2,14,2031,2424,36,28,93.211082,of
5,3,6,14,2,15,2087,2432,88,20,92.77726,com-
4,3,6,14,3,0,683,2469,679,38,-1.0,
5,3,6,14,3,1,683,2471,149,36,93.082855,mittee].
5,3,6,14,3,2,876,2469,135,38,90.856659,(C.S.R.
5,3,6,14,3,3,1039,2479,56,21,95.184837,no.
5,3,6,14,3,4,1127,2472,71,35,93.280418,"146,"
5,3,6,14,3,5,1226,2479,33,28,92.462151,p.
5,3,6,14,3,6,1288,2471,74,36,96.689636,335)
3,3,6,15,0,0,485,2516,1689,87,-1.0,
4,3,6,15,1,0,485,2516,1689,39,-1.0,
5,3,6,15,1,1,485,2519,82,29,96.253174,Dec.
5,3,6,15,1,2,605,2527,6,26,74.360504,5
5,3,6,15,1,3,684,2519,233,29,74.360504,Amendment
5,3,6,15,1,4,940,2517,36,31,96.909904,of
5,3,6,15,1,5,996,2517,58,30,96.84034,the
5,3,6,15,1,6,1073,2517,209,38,95.749191,Navigation
5,3,6,15,1,7,1304,2517,258,38,96.284714,(Examination
5,3,6,15,1,8,1582,2519,36,28,96.574203,of
5,3,6,15,1,9,1635,2516,144,33,96.666489,Masters
5,3,6,15,1,10,1799,2519,68,29,96.682106,and
5,3,6,15,1,11,1887,2517,121,38,93.302391,Mates)
5,3,6,15,1,12,2034,2517,140,38,93.023956,Regula-
4,3,6,15,2,0,687,2564,627,39,-1.0,
5,3,6,15,2,1,687,2565,102,30,92.088722,tions.
5,3,6,15,2,2,831,2564,136,37,91.390739,(C.S.R.
5,3,6,15,2,3,995,2573,56,22,96.173233,no.
5,3,6,15,2,4,1079,2573,73,28,93.229355,"151,"
5,3,6,15,2,5,1176,2573,36,30,92.422256,p.
5,3,6,15,2,6,1240,2565,74,36,95.865662,326)
3,3,6,16,0,0,485,2611,1692,226,-1.0,
4,3,6,16,1,0,485,2611,1690,38,-1.0,
5,3,6,16,1,1,485,2613,83,30,94.476929,Dec.
5,3,6,16,1,2,596,2621,16,27,86.403137,5
5,3,6,16,1,3,684,2613,67,28,52.598259,Act
5,3,6,16,1,4,769,2621,56,20,52.598259,no.
5,3,6,16,1,5,845,2622,54,27,96.424377,"49,"
5,3,6,16,1,6,920,2616,36,25,96.128731,to
5,3,6,16,1,7,975,2612,76,36,96.128731,give
5,3,6,16,1,8,1068,2612,103,31,96.096832,effect
5,3,6,16,1,9,1191,2616,36,25,96.804283,to
5,3,6,16,1,10,1244,2612,130,29,96.501389,certain
5,3,6,16,1,11,1391,2611,251,30,96.409813,International
5,3,6,16,1,12,1659,2612,243,36,96.135971,"Conventions,"
5,3,6,16,1,13,1923,2616,36,25,96.74485,to
5,3,6,16,1,14,1978,2612,122,29,96.071083,amend
5,3,6,16,1,15,2119,2612,56,29,96.191803,the
4,3,6,16,2,0,683,2659,1492,38,-1.0,
5,3,6,16,2,1,683,2659,194,38,96.193336,provisions
5,3,6,16,2,2,896,2661,36,28,96.800278,of
5,3,6,16,2,3,953,2660,58,29,95.921501,the
5,3,6,16,2,4,1025,2659,210,38,95.921501,Navigation
5,3,6,16,2,5,1248,2660,76,36,93.10466,"Act,"
5,3,6,16,2,6,1348,2661,224,35,71.101967,"1912—1926,"
5,3,6,16,2,7,1594,2660,145,37,96.566269,relating
5,3,6,16,2,8,1759,2663,37,26,96.391479,to
5,3,6,16,2,9,1816,2661,144,28,93.800072,matters
5,3,6,16,2,10,1982,2659,89,30,96.542892,dealt
5,3,6,16,2,11,2092,2659,83,29,96.888863,with
4,3,6,16,3,0,683,2707,1494,37,-1.0,
5,3,6,16,3,1,683,2708,48,35,96.793343,by
5,3,6,16,3,2,757,2707,98,30,96.793343,those
5,3,6,16,3,3,879,2707,245,36,96.282051,"Conventions,"
5,3,6,16,3,4,1151,2707,66,30,96.589668,and
5,3,6,16,3,5,1243,2711,36,25,96.692886,to
5,3,6,16,3,6,1301,2707,112,37,96.769196,repeal
5,3,6,16,3,7,1436,2707,130,29,96.910072,section
5,3,6,16,3,8,1590,2707,92,37,96.694336,eight
5,3,6,16,3,9,1707,2708,68,29,96.746811,and
5,3,6,16,3,10,1800,2707,123,29,96.290115,amend
5,3,6,16,3,11,1947,2708,129,29,96.427505,section
5,3,6,16,3,12,2100,2707,77,29,96.131134,four
4,3,6,16,4,0,685,2752,1485,40,-1.0,
5,3,6,16,4,1,685,2753,156,31,96.163643,hundred
5,3,6,16,4,2,867,2755,70,29,96.305977,and
5,3,6,16,4,3,956,2755,162,29,96.468399,nineteen
5,3,6,16,4,4,1141,2755,37,29,96.184517,of
5,3,6,16,4,5,1201,2753,57,31,96.530624,the
5,3,6,16,4,6,1281,2755,74,30,96.769867,said
5,3,6,16,4,7,1379,2756,77,28,95.730751,Act.
5,3,6,16,4,8,1488,2755,204,37,95.417633,Navigation
5,3,6,16,4,9,1718,2752,193,39,95.747398,(Maritime
5,3,6,16,4,10,1935,2753,235,38,96.09343,Conventions)
4,3,6,16,5,0,683,2799,1492,38,-1.0,
5,3,6,16,5,1,683,2801,62,31,96.678139,Act
5,3,6,16,5,2,772,2809,96,28,94.221375,1934.
5,3,6,16,5,3,1730,2800,190,33,96.073349,Extracts:
5,3,6,16,5,4,1950,2799,161,34,95.002922,Austral.
5,3,6,16,5,5,2131,2799,44,32,96.862228,10
3,3,6,17,0,0,487,2848,1691,132,-1.0,
4,3,6,17,1,0,487,2848,1688,39,-1.0,
5,3,6,17,1,1,487,2851,81,29,95.356125,Dec.
5,3,6,17,1,2,597,2858,38,20,66.162254,12
5,3,6,17,1,3,687,2849,255,30,94.474106,Proclamation
5,3,6,17,1,4,960,2853,36,26,95.817795,to
5,3,6,17,1,5,1011,2849,49,28,95.366661,fix
5,3,6,17,1,6,1077,2849,81,36,95.366661,24th
5,3,6,17,1,7,1173,2848,198,37,96.729401,"December,"
5,3,6,17,1,8,1391,2857,92,27,96.390213,"1934,"
5,3,6,17,1,9,1500,2857,36,22,96.390213,as
5,3,6,17,1,10,1552,2849,58,31,96.17173,the
5,3,6,17,1,11,1626,2849,80,30,96.468063,date
5,3,6,17,1,12,1720,2859,94,28,96.724991,upon
5,3,6,17,1,13,1827,2849,112,30,96.478905,which
5,3,6,17,1,14,1956,2851,58,28,92.719307,the
5,3,6,17,1,15,2029,2848,146,39,92.642899,Naviga-
4,3,6,17,2,0,685,2895,1493,40,-1.0,
5,3,6,17,2,1,685,2897,75,30,96.929367,tion
5,3,6,17,2,2,784,2895,187,39,95.886909,(Maritime
5,3,6,17,2,3,995,2896,243,36,96.45565,Conventions)
5,3,6,17,2,4,1264,2897,66,30,96.501617,Act
5,3,6,17,2,5,1355,2905,82,29,96.501617,1934
5,3,6,17,2,6,1462,2896,85,31,96.605484,shall
5,3,6,17,2,7,1570,2905,205,22,96.33905,commence.
5,3,6,17,2,8,1814,2895,304,40,96.536377,(Commonwealth
5,3,6,17,2,9,2142,2897,36,29,96.536377,of
4,3,6,17,3,0,684,2944,700,36,-1.0,
5,3,6,17,3,1,684,2944,176,31,95.343513,Australia
5,3,6,17,3,2,888,2944,158,36,96.119972,"Gazette,"
5,3,6,17,3,3,1071,2953,56,21,96.119972,no.
5,3,6,17,3,4,1152,2945,52,35,92.85498,"84,"
5,3,6,17,3,5,1228,2952,34,28,83.41362,p.
5,3,6,17,3,6,1289,2944,95,36,96.211098,2557)
3,3,6,18,0,0,485,2991,1692,92,-1.0,
4,3,6,18,1,0,485,2991,1692,45,-1.0,
5,3,6,18,1,1,485,2991,86,37,91.63829,Dec?
5,3,6,18,1,2,595,3007,40,27,84.994736,15
5,3,6,18,1,3,684,2997,236,31,84.994736,Amendment
5,3,6,18,1,4,939,2999,36,29,95.929047,of
5,3,6,18,1,5,992,3000,59,28,96.17823,the
5,3,6,18,1,6,1067,2997,211,39,92.329567,Navigation
5,3,6,18,1,7,1296,2996,223,39,92.329567,(Life-saving
5,3,6,18,1,8,1536,2999,68,29,96.65377,and
5,3,6,18,1,9,1623,2997,73,30,96.65377,Fire
5,3,6,18,1,10,1715,2997,217,38,96.714928,Appliances)
5,3,6,18,1,11,1955,2996,222,40,96.581512,Regulations
4,3,6,18,2,0,683,3044,1403,39,-1.0,
5,3,6,18,2,1,683,3045,89,38,91.087265,{new
5,3,6,18,2,2,797,3045,15,37,91.087265,§
5,3,6,18,2,3,837,3055,59,21,93.206749,102
5,3,6,18,2,4,923,3045,36,38,92.148918,"C,"
5,3,6,18,2,5,983,3055,200,28,96.055756,emergency
5,3,6,18,2,6,1205,3045,143,31,96.367683,wireless
5,3,6,18,2,7,1372,3047,211,36,93.130836,apparatus].
5,3,6,18,2,8,1620,3044,134,38,90.721733,(C.S.R.
5,3,6,18,2,9,1776,3055,56,20,95.549522,no.
5,3,6,18,2,10,1858,3053,73,29,93.284309,"153,"
5,3,6,18,2,11,1955,3055,33,28,87.239586,p.
5,3,6,18,2,12,2015,3045,71,38,95.846046,330)
2,3,7,0,0,0,485,3129,809,39,-1.0,
3,3,7,1,0,0,485,3129,809,39,-1.0,
4,3,7,1,1,0,485,3129,809,39,-1.0,
5,3,7,1,1,1,485,3129,127,31,85.337692,C.S.R.
5,3,7,1,1,2,631,3143,34,12,95.764183,=
5,3,7,1,1,3,684,3131,279,29,96.324577,Commonwealth
5,3,7,1,1,4,987,3129,169,39,50.186115,Statutory
5,3,7,1,1,5,1183,3129,111,30,96.125862,Rules.
2,3,8,0,0,0,440,3199,1737,137,-1.0,
3,3,8,1,0,0,440,3199,1737,137,-1.0,
4,3,8,1,1,0,487,3199,1688,41,-1.0,
5,3,8,1,1,1,487,3199,30,21,91.201576,15
5,3,8,1,1,2,536,3201,76,30,2.602959,LS.
5,3,8,1,1,3,632,3209,83,30,96.09478,1923
5,3,8,1,1,4,731,3201,168,39,95.116257,(Austral.
5,3,8,1,1,5,916,3203,51,37,95.86348,7);
5,3,8,1,1,6,985,3203,85,35,92.725639,1928
5,3,8,1,1,7,1086,3201,163,38,95.908363,(Austral.
5,3,8,1,1,8,1267,3202,49,37,95.908363,4);
5,3,8,1,1,9,1334,3211,80,28,96.539375,1931
5,3,8,1,1,10,1433,3200,163,38,94.340469,(Austral.
5,3,8,1,1,11,1615,3201,69,38,94.614616,14);
5,3,8,1,1,12,1703,3212,83,27,96.344147,1932
5,3,8,1,1,13,1802,3203,165,37,95.086594,(Austral.
5,3,8,1,1,14,1984,3214,19,26,95.223206,4
5,3,8,1,1,15,2020,3201,67,33,96.677567,and
5,3,8,1,1,16,2105,3202,70,37,92.936028,10);
4,3,8,1,2,0,444,3245,1731,43,-1.0,
5,3,8,1,2,1,444,3260,84,27,96.905479,1933
5,3,8,1,2,2,544,3248,165,39,96.527466,(Austral.
5,3,8,1,2,3,725,3251,46,36,92.686241,8).
5,3,8,1,2,4,784,3265,45,6,92.459404,—
5,3,8,1,2,5,843,3245,29,22,51.951603,16
5,3,8,1,2,6,887,3251,77,29,58.642006,L.S.
5,3,8,1,2,7,982,3251,82,35,96.269676,1928
5,3,8,1,2,8,1081,3248,162,39,96.22229,(Austral.
5,3,8,1,2,9,1259,3251,49,36,75.811783,7)
5,3,8,1,2,10,1307,3241,13,51,75.811783,;
5,3,8,1,2,11,1325,3260,81,27,95.994843,1929
5,3,8,1,2,12,1421,3248,163,39,96.480446,(Austral.
5,3,8,1,2,13,1600,3249,44,37,92.903877,4).
5,3,8,1,2,14,1659,3265,44,5,92.286911,—
5,3,8,1,2,15,1716,3247,28,20,50.393631,1’
5,3,8,1,2,16,1762,3251,74,29,88.848999,L.S.
5,3,8,1,2,17,1853,3260,83,27,96.361687,1930
5,3,8,1,2,18,1952,3248,163,40,96.059326,(Austral.
5,3,8,1,2,19,2131,3249,44,37,96.845215,5).
4,3,8,1,3,0,440,3293,1737,43,-1.0,
5,3,8,1,3,1,440,3313,44,6,27.305687,—-
5,3,8,1,3,2,507,3293,30,23,80.386871,18
5,3,8,1,3,3,561,3297,76,30,78.772301,L.S.
5,3,8,1,3,4,663,3297,82,37,96.806206,1928
5,3,8,1,3,5,771,3296,167,39,96.058868,(Austral.
5,3,8,1,3,6,963,3296,50,38,87.319,2);
5,3,8,1,3,7,1040,3305,83,29,94.497963,1930
5,3,8,1,3,8,1145,3296,165,40,72.922699,(Austral.
5,3,8,1,3,9,1334,3299,70,36,96.326027,11);
5,3,8,1,3,10,1428,3305,54,22,96.709648,see
5,3,8,1,3,11,1504,3297,72,30,96.327621,also
5,3,8,1,3,12,1598,3299,65,28,95.502266,Act
5,3,8,1,3,13,1686,3307,56,21,95.911003,no.
5,3,8,1,3,14,1767,3308,40,27,96.986336,54
5,3,8,1,3,15,1830,3300,36,28,95.582703,of
5,3,8,1,3,16,1888,3299,83,29,96.57103,Dec.
5,3,8,1,3,17,1998,3305,38,30,85.979111,17
5,3,8,1,3,18,2058,3297,119,31,96.633133,below.
